Fx, Fy, Fz, F.Mag
0,0,0,0,
0,0,0,0,
0,0,0,0,
0,0,0,0,
0,0,0,0,
0,0,0,0,
0,0,0,0,
0,0,0,0,
0.02153196,-0.0325605,0.2081488,0.2117775,
0.02153196,-0.0325605,0.2081488,0.2117775,
0.02153196,-0.0325605,0.2081488,0.2117775,
0.02153196,-0.0325605,0.2081488,0.2117775,
0.02153196,-0.0325605,0.2081488,0.2117775,
0.02153196,-0.0325605,0.2081488,0.2117775,
0.02153196,-0.0325605,0.2081488,0.2117775,
0.02153196,-0.0325605,0.2081488,0.2117775,
0.02153196,-0.0325605,0.2081488,0.2117775,
0.03480339,-0.02973194,0.2449005,0.2491415,
0.03480339,-0.02973194,0.2449005,0.2491415,
0.03480339,-0.02973194,0.2449005,0.2491415,
0.03480339,-0.02973194,0.2449005,0.2491415,
0.03480339,-0.02973194,0.2449005,0.2491415,
0.03480339,-0.02973194,0.2449005,0.2491415,
0.03480339,-0.02973194,0.2449005,0.2491415,
0.03480339,-0.02973194,0.2449005,0.2491415,
0.03480339,-0.02973194,0.2449005,0.2491415,
0.03480339,-0.02973194,0.2449005,0.2491415,
0.03480339,-0.02973194,0.2449005,0.2491415,
0.04410782,-0.020415,0.2415404,0.2463819,
0.04410782,-0.020415,0.2415404,0.2463819,
0.04410782,-0.020415,0.2415404,0.2463819,
0.04410782,-0.020415,0.2415404,0.2463819,
0.04410782,-0.020415,0.2415404,0.2463819,
0.04410782,-0.020415,0.2415404,0.2463819,
0.04410782,-0.020415,0.2415404,0.2463819,
0.04410782,-0.020415,0.2415404,0.2463819,
0.04410782,-0.020415,0.2415404,0.2463819,
0.04410782,-0.020415,0.2415404,0.2463819,
0.04410782,-0.020415,0.2415404,0.2463819,
0.03639219,-0.01123164,0.230729,0.2338512,
0.03639219,-0.01123164,0.230729,0.2338512,
0.03639219,-0.01123164,0.230729,0.2338512,
0.03639219,-0.01123164,0.230729,0.2338512,
0.03639219,-0.01123164,0.230729,0.2338512,
0.03639219,-0.01123164,0.230729,0.2338512,
0.03639219,-0.01123164,0.230729,0.2338512,
0.03639219,-0.01123164,0.230729,0.2338512,
0.03639219,-0.01123164,0.230729,0.2338512,
0.03639219,-0.01123164,0.230729,0.2338512,
0.03639219,-0.01123164,0.230729,0.2338512,
0.01515734,-0.003587096,0.223985,0.2245259,
0.01515734,-0.003587096,0.223985,0.2245259,
0.01515734,-0.003587096,0.223985,0.2245259,
0.01515734,-0.003587096,0.223985,0.2245259,
0.01515734,-0.003587096,0.223985,0.2245259,
0.01515734,-0.003587096,0.223985,0.2245259,
0.01515734,-0.003587096,0.223985,0.2245259,
0.01515734,-0.003587096,0.223985,0.2245259,
0.01515734,-0.003587096,0.223985,0.2245259,
0.01515734,-0.003587096,0.223985,0.2245259,
0.01515734,-0.003587096,0.223985,0.2245259,
0.001224165,-6.511247E-06,0.2214569,0.2214602,
0.001224165,-6.511247E-06,0.2214569,0.2214602,
0.001224165,-6.511247E-06,0.2214569,0.2214602,
0.001224165,-6.511247E-06,0.2214569,0.2214602,
0.001224165,-6.511247E-06,0.2214569,0.2214602,
0.001224165,-6.511247E-06,0.2214569,0.2214602,
0.001224165,-6.511247E-06,0.2214569,0.2214602,
0.001224165,-6.511247E-06,0.2214569,0.2214602,
0.001224165,-6.511247E-06,0.2214569,0.2214602,
0.001224165,-6.511247E-06,0.2214569,0.2214602,
0.001224165,-6.511247E-06,0.2214569,0.2214602,
0.001224165,-6.511247E-06,0.2214569,0.2214602,
-0.00214929,0.001669278,0.2231057,0.2231223,
-0.00214929,0.001669278,0.2231057,0.2231223,
-0.00214929,0.001669278,0.2231057,0.2231223,
-0.00214929,0.001669278,0.2231057,0.2231223,
-0.00214929,0.001669278,0.2231057,0.2231223,
-0.00214929,0.001669278,0.2231057,0.2231223,
-0.00214929,0.001669278,0.2231057,0.2231223,
-0.00214929,0.001669278,0.2231057,0.2231223,
-0.00214929,0.001669278,0.2231057,0.2231223,
-0.00214929,0.001669278,0.2231057,0.2231223,
-0.01244798,0.00721245,0.2280804,0.2285337,
-0.01244798,0.00721245,0.2280804,0.2285337,
-0.01244798,0.00721245,0.2280804,0.2285337,
-0.01244798,0.00721245,0.2280804,0.2285337,
-0.01244798,0.00721245,0.2280804,0.2285337,
-0.01244798,0.00721245,0.2280804,0.2285337,
-0.01244798,0.00721245,0.2280804,0.2285337,
-0.01244798,0.00721245,0.2280804,0.2285337,
-0.01244798,0.00721245,0.2280804,0.2285337,
-0.01244798,0.00721245,0.2280804,0.2285337,
-0.02324349,0.01461512,0.2385667,0.2401415,
-0.02324349,0.01461512,0.2385667,0.2401415,
-0.02324349,0.01461512,0.2385667,0.2401415,
-0.02324349,0.01461512,0.2385667,0.2401415,
-0.02324349,0.01461512,0.2385667,0.2401415,
-0.02324349,0.01461512,0.2385667,0.2401415,
-0.02324349,0.01461512,0.2385667,0.2401415,
-0.02324349,0.01461512,0.2385667,0.2401415,
-0.02324349,0.01461512,0.2385667,0.2401415,
-0.02324349,0.01461512,0.2385667,0.2401415,
-0.02324349,0.01461512,0.2385667,0.2401415,
-0.02942266,0.02104101,0.2516619,0.2542482,
-0.02942266,0.02104101,0.2516619,0.2542482,
-0.02942266,0.02104101,0.2516619,0.2542482,
-0.02942266,0.02104101,0.2516619,0.2542482,
-0.02942266,0.02104101,0.2516619,0.2542482,
-0.02942266,0.02104101,0.2516619,0.2542482,
-0.02942266,0.02104101,0.2516619,0.2542482,
-0.02942266,0.02104101,0.2516619,0.2542482,
-0.02942266,0.02104101,0.2516619,0.2542482,
-0.02942266,0.02104101,0.2516619,0.2542482,
-0.02942266,0.02104101,0.2516619,0.2542482,
-0.02942266,0.02104101,0.2516619,0.2542482,
-0.03284503,0.02171824,0.2687992,0.271668,
-0.03284503,0.02171824,0.2687992,0.271668,
-0.03284503,0.02171824,0.2687992,0.271668,
-0.03284503,0.02171824,0.2687992,0.271668,
-0.03284503,0.02171824,0.2687992,0.271668,
-0.03284503,0.02171824,0.2687992,0.271668,
-0.03284503,0.02171824,0.2687992,0.271668,
-0.03284503,0.02171824,0.2687992,0.271668,
-0.03284503,0.02171824,0.2687992,0.271668,
-0.03284503,0.02171824,0.2687992,0.271668,
-0.04347872,0.01956965,0.2866915,0.2906292,
-0.04347872,0.01956965,0.2866915,0.2906292,
-0.04347872,0.01956965,0.2866915,0.2906292,
-0.04347872,0.01956965,0.2866915,0.2906292,
-0.04347872,0.01956965,0.2866915,0.2906292,
-0.04347872,0.01956965,0.2866915,0.2906292,
-0.04347872,0.01956965,0.2866915,0.2906292,
-0.04347872,0.01956965,0.2866915,0.2906292,
-0.04347872,0.01956965,0.2866915,0.2906292,
-0.04347872,0.01956965,0.2866915,0.2906292,
-0.07069216,0.01778015,0.3063255,0.3148791,
-0.07069216,0.01778015,0.3063255,0.3148791,
-0.07069216,0.01778015,0.3063255,0.3148791,
-0.07069216,0.01778015,0.3063255,0.3148791,
-0.07069216,0.01778015,0.3063255,0.3148791,
-0.07805315,0.01219408,0.3174754,0.3271568,
-0.07805315,0.01219408,0.3174754,0.3271568,
-0.07805315,0.01219408,0.3174754,0.3271568,
-0.07805315,0.01219408,0.3174754,0.3271568,
-0.07805315,0.01219408,0.3174754,0.3271568,
-0.07805315,0.01219408,0.3174754,0.3271568,
-0.07805315,0.01219408,0.3174754,0.3271568,
-0.07805315,0.01219408,0.3174754,0.3271568,
-0.07805315,0.01219408,0.3174754,0.3271568,
-0.07805315,0.01219408,0.3174754,0.3271568,
-0.07076459,0.007622012,0.3234342,0.3311728,
-0.07076459,0.007622012,0.3234342,0.3311728,
-0.07076459,0.007622012,0.3234342,0.3311728,
-0.07076459,0.007622012,0.3234342,0.3311728,
-0.07076459,0.007622012,0.3234342,0.3311728,
-0.07076459,0.007622012,0.3234342,0.3311728,
-0.07076459,0.007622012,0.3234342,0.3311728,
-0.05733539,0.003908023,0.3258682,0.3308968,
-0.05733539,0.003908023,0.3258682,0.3308968,
-0.05733539,0.003908023,0.3258682,0.3308968,
-0.05733539,0.003908023,0.3258682,0.3308968,
-0.05733539,0.003908023,0.3258682,0.3308968,
-0.05733539,0.003908023,0.3258682,0.3308968,
-0.05733539,0.003908023,0.3258682,0.3308968,
-0.05733539,0.003908023,0.3258682,0.3308968,
-0.0544638,0.002237268,0.3282357,0.3327311,
-0.0544638,0.002237268,0.3282357,0.3327311,
-0.0544638,0.002237268,0.3282357,0.3327311,
-0.0544638,0.002237268,0.3282357,0.3327311,
-0.0544638,0.002237268,0.3282357,0.3327311,
-0.0544638,0.002237268,0.3282357,0.3327311,
-0.0544638,0.002237268,0.3282357,0.3327311,
-0.0544638,0.002237268,0.3282357,0.3327311,
-0.0544638,0.002237268,0.3282357,0.3327311,
-0.0544638,0.002237268,0.3282357,0.3327311,
-0.0600691,0.0001610724,0.3326384,0.3380186,
-0.0600691,0.0001610724,0.3326384,0.3380186,
-0.0600691,0.0001610724,0.3326384,0.3380186,
-0.0600691,0.0001610724,0.3326384,0.3380186,
-0.0600691,0.0001610724,0.3326384,0.3380186,
-0.0600691,0.0001610724,0.3326384,0.3380186,
-0.0600691,0.0001610724,0.3326384,0.3380186,
-0.0456531,-0.0007426994,0.3370426,0.3401213,
-0.0456531,-0.0007426994,0.3370426,0.3401213,
-0.0456531,-0.0007426994,0.3370426,0.3401213,
-0.0456531,-0.0007426994,0.3370426,0.3401213,
-0.0456531,-0.0007426994,0.3370426,0.3401213,
-0.0456531,-0.0007426994,0.3370426,0.3401213,
-0.0456531,-0.0007426994,0.3370426,0.3401213,
-0.0456531,-0.0007426994,0.3370426,0.3401213,
-0.0456531,-0.0007426994,0.3370426,0.3401213,
-0.01607826,4.274649E-05,0.3399243,0.3403043,
-0.01607826,4.274649E-05,0.3399243,0.3403043,
-0.01607826,4.274649E-05,0.3399243,0.3403043,
-0.01607826,4.274649E-05,0.3399243,0.3403043,
-0.01607826,4.274649E-05,0.3399243,0.3403043,
-0.01607826,4.274649E-05,0.3399243,0.3403043,
-0.01607826,4.274649E-05,0.3399243,0.3403043,
-0.01607826,4.274649E-05,0.3399243,0.3403043,
-0.01607826,4.274649E-05,0.3399243,0.3403043,
-0.0003580329,0.0002849439,0.3420401,0.3420404,
-0.0003580329,0.0002849439,0.3420401,0.3420404,
-0.0003580329,0.0002849439,0.3420401,0.3420404,
-0.0003580329,0.0002849439,0.3420401,0.3420404,
-0.0003580329,0.0002849439,0.3420401,0.3420404,
-0.0003580329,0.0002849439,0.3420401,0.3420404,
-0.0003580329,0.0002849439,0.3420401,0.3420404,
-0.0003580329,0.0002849439,0.3420401,0.3420404,
0.004830334,0.002250013,0.3440918,0.344133,
0.004830334,0.002250013,0.3440918,0.344133,
0.004830334,0.002250013,0.3440918,0.344133,
0.004830334,0.002250013,0.3440918,0.344133,
0.004830334,0.002250013,0.3440918,0.344133,
0.004830334,0.002250013,0.3440918,0.344133,
0.004830334,0.002250013,0.3440918,0.344133,
0.02143938,0.008993757,0.3485232,0.3492978,
0.02143938,0.008993757,0.3485232,0.3492978,
0.02143938,0.008993757,0.3485232,0.3492978,
0.02143938,0.008993757,0.3485232,0.3492978,
0.02143938,0.008993757,0.3485232,0.3492978,
0.02143938,0.008993757,0.3485232,0.3492978,
0.02143938,0.008993757,0.3485232,0.3492978,
0.05290119,0.01696452,0.3536207,0.357958,
0.05290119,0.01696452,0.3536207,0.357958,
0.05290119,0.01696452,0.3536207,0.357958,
0.05290119,0.01696452,0.3536207,0.357958,
0.05290119,0.01696452,0.3536207,0.357958,
0,0,0,0,
0,0,0,0,
0,0,0,0,
0,0,0,0,
0,0,0,0,
0,0,0,0,
0,0,0,0,
0,0,0,0,
0,0,0,0,
0,0,0,0,
0,0,0,0,
0,0,0,0,
0,0,0,0,
0,0,0,0,
0,0,0,0,
0,0,0,0,
0,0,0,0,
0,0,0,0,
0,0,0,0,
0,0,0,0,
0.002465991,-0.05582134,0.3853182,0.3893485,
0.002465991,-0.05582134,0.3853182,0.3893485,
0.002465991,-0.05582134,0.3853182,0.3893485,
0.002465991,-0.05582134,0.3853182,0.3893485,
0.002465991,-0.05582134,0.3853182,0.3893485,
0.002465991,-0.05582134,0.3853182,0.3893485,
0.002465991,-0.05582134,0.3853182,0.3893485,
0.002465991,-0.05582134,0.3853182,0.3893485,
0.002465991,-0.05582134,0.3853182,0.3893485,
0.002465991,-0.05582134,0.3853182,0.3893485,
0.01796412,-0.06996275,0.3972327,0.4037466,
0.01796412,-0.06996275,0.3972327,0.4037466,
0.01796412,-0.06996275,0.3972327,0.4037466,
0.01796412,-0.06996275,0.3972327,0.4037466,
0.01796412,-0.06996275,0.3972327,0.4037466,
0.01796412,-0.06996275,0.3972327,0.4037466,
0.01796412,-0.06996275,0.3972327,0.4037466,
0.01796412,-0.06996275,0.3972327,0.4037466,
0.01796412,-0.06996275,0.3972327,0.4037466,
0.01796412,-0.06996275,0.3972327,0.4037466,
-0.02014735,-0.06893663,0.3740666,0.380899,
-0.02014735,-0.06893663,0.3740666,0.380899,
-0.02014735,-0.06893663,0.3740666,0.380899,
-0.02014735,-0.06893663,0.3740666,0.380899,
-0.02014735,-0.06893663,0.3740666,0.380899,
-0.02014735,-0.06893663,0.3740666,0.380899,
-0.02014735,-0.06893663,0.3740666,0.380899,
-0.02014735,-0.06893663,0.3740666,0.380899,
-0.02014735,-0.06893663,0.3740666,0.380899,
0.03283529,-0.0854772,0.378646,0.3895604,
0.03283529,-0.0854772,0.378646,0.3895604,
0.03283529,-0.0854772,0.378646,0.3895604,
0.03283529,-0.0854772,0.378646,0.3895604,
0.03283529,-0.0854772,0.378646,0.3895604,
0.03283529,-0.0854772,0.378646,0.3895604,
0.03283529,-0.0854772,0.378646,0.3895604,
0.03283529,-0.0854772,0.378646,0.3895604,
0.03283529,-0.0854772,0.378646,0.3895604,
0.2874472,-0.1221645,0.4436069,0.5425285,
0.2874472,-0.1221645,0.4436069,0.5425285,
0.2874472,-0.1221645,0.4436069,0.5425285,
0.2874472,-0.1221645,0.4436069,0.5425285,
0.2874472,-0.1221645,0.4436069,0.5425285,
0.2874472,-0.1221645,0.4436069,0.5425285,
0.2874472,-0.1221645,0.4436069,0.5425285,
0.2874472,-0.1221645,0.4436069,0.5425285,
0.2874472,-0.1221645,0.4436069,0.5425285,
0.2785165,-0.1370682,0.4582359,0.5534793,
0.2785165,-0.1370682,0.4582359,0.5534793,
0.2785165,-0.1370682,0.4582359,0.5534793,
0.2785165,-0.1370682,0.4582359,0.5534793,
0.2785165,-0.1370682,0.4582359,0.5534793,
0.2785165,-0.1370682,0.4582359,0.5534793,
0.2785165,-0.1370682,0.4582359,0.5534793,
0.2785165,-0.1370682,0.4582359,0.5534793,
0.2785165,-0.1370682,0.4582359,0.5534793,
0.2785165,-0.1370682,0.4582359,0.5534793,
0.2785165,-0.1370682,0.4582359,0.5534793,
0.2785165,-0.1370682,0.4582359,0.5534793,
0.2785165,-0.1370682,0.4582359,0.5534793,
0,0,0,0,
0,0,0,0,
0,0,0,0,
0,0,0,0,
0,0,0,0,
0,0,0,0,
0,0,0,0,
0,0,0,0,
0,0,0,0,
0,0,0,0,
0,0,0,0,
0,0,0,0,
0,0,0,0,
0,0,0,0,
0,0,0,0,
0,0,0,0,
0,0,0,0,
0.1296538,0.1607085,0.4635246,0.5074371,
0.1296538,0.1607085,0.4635246,0.5074371,
0.1296538,0.1607085,0.4635246,0.5074371,
0.1296538,0.1607085,0.4635246,0.5074371,
0.1296538,0.1607085,0.4635246,0.5074371,
0.09135594,0.1831709,0.4623143,0.5056007,
0.09135594,0.1831709,0.4623143,0.5056007,
0.09135594,0.1831709,0.4623143,0.5056007,
0.09135594,0.1831709,0.4623143,0.5056007,
0.09135594,0.1831709,0.4623143,0.5056007,
0.09135594,0.1831709,0.4623143,0.5056007,
0,0,0,0,
0,0,0,0,
0,0,0,0,
0,0,0,0,
0,0,0,0,
0,0,0,0,
0,0,0,0,
0,0,0,0,
0,0,0,0,
0,0,0,0,
0,0,0,0,
0,0,0,0,
0,0,0,0,
0,0,0,0,
0,0,0,0,
0,0,0,0,
0,0,0,0,
0,0,0,0,
0,0,0,0,
0,0,0,0,
0.2393328,-0.000678663,0.4862935,0.5419982,
0.2393328,-0.000678663,0.4862935,0.5419982,
0.2393328,-0.000678663,0.4862935,0.5419982,
0.2393328,-0.000678663,0.4862935,0.5419982,
0.2393328,-0.000678663,0.4862935,0.5419982,
0.2393328,-0.000678663,0.4862935,0.5419982,
0.2393328,-0.000678663,0.4862935,0.5419982,
0.2393328,-0.000678663,0.4862935,0.5419982,
0.2430914,-0.006652907,0.4912364,0.548134,
0.2430914,-0.006652907,0.4912364,0.548134,
0.2430914,-0.006652907,0.4912364,0.548134,
0.2430914,-0.006652907,0.4912364,0.548134,
0.2430914,-0.006652907,0.4912364,0.548134,
0.2430914,-0.006652907,0.4912364,0.548134,
0.2430914,-0.006652907,0.4912364,0.548134,
0,0,0,0,
0,0,0,0,
0,0,0,0,
0,0,0,0,
0,0,0,0,
0,0,0,0,
0,0,0,0,
0,0,0,0,
0,0,0,0,
0,0,0,0,
0,0,0,0,
0,0,0,0,
0,0,0,0,
0,0,0,0,
0,0,0,0,
0,0,0,0,
0,0,0,0,
0,0,0,0,
0,0,0,0,
0,0,0,0,
0,0,0,0,
0,0,0,0,
0,0,0,0,
0,0,0,0,
0,0,0,0,
0,0,0,0,
0,0,0,0,
0,0,0,0,
0,0,0,0,
0,0,0,0,
0,0,0,0,
0,0,0,0,
0,0,0,0,
0,0,0,0,
0,0,0,0,
0,0,0,0,
0,0,0,0,
0,0,0,0,
0,0,0,0,
0,0,0,0,
0,0,0,0,
0,0,0,0,
0,0,0,0,
0,0,0,0,
0,0,0,0,
0,0,0,0,
0,0,0,0,
0,0,0,0,
0,0,0,0,
0,0,0,0,
0,0,0,0,
0,0,0,0,
0,0,0,0,
0,0,0,0,
0,0,0,0,
0,0,0,0,
0,0,0,0,
0,0,0,0,
0,0,0,0,
0.0009541239,-0.0192317,0.03697237,0.04168603,
0.0009541239,-0.0192317,0.03697237,0.04168603,
0.0009541239,-0.0192317,0.03697237,0.04168603,
0.0009541239,-0.0192317,0.03697237,0.04168603,
0.0009541239,-0.0192317,0.03697237,0.04168603,
0.0009541239,-0.0192317,0.03697237,0.04168603,
0.0009541239,-0.0192317,0.03697237,0.04168603,
0.0009541239,-0.0192317,0.03697237,0.04168603,
0.0009541239,-0.0192317,0.03697237,0.04168603,
0.04842045,-0.1464651,0.3297661,0.3640635,
0.04842045,-0.1464651,0.3297661,0.3640635,
0.04842045,-0.1464651,0.3297661,0.3640635,
0.04842045,-0.1464651,0.3297661,0.3640635,
0.04842045,-0.1464651,0.3297661,0.3640635,
0.04842045,-0.1464651,0.3297661,0.3640635,
0.04842045,-0.1464651,0.3297661,0.3640635,
0.04842045,-0.1464651,0.3297661,0.3640635,
0.1317729,-0.193633,0.4339106,0.4930885,
0.1317729,-0.193633,0.4339106,0.4930885,
0.1317729,-0.193633,0.4339106,0.4930885,
0.1317729,-0.193633,0.4339106,0.4930885,
0.1317729,-0.193633,0.4339106,0.4930885,
0.1317729,-0.193633,0.4339106,0.4930885,
0.1317729,-0.193633,0.4339106,0.4930885,
0.1317729,-0.193633,0.4339106,0.4930885,
0.1317729,-0.193633,0.4339106,0.4930885,
0,0,0,0,
0,0,0,0,
0,0,0,0,
0,0,0,0,
0,0,0,0,
0,0,0,0,
0,0,0,0,
0,0,0,0,
0,0,0,0,
0,0,0,0,
0,0,0,0,
0,0,0,0,
0,0,0,0,
0,0,0,0,
0,0,0,0,
0,0,0,0,
0,0,0,0,
0,0,0,0,
0,0,0,0,
-0.02176998,-0.128137,0.4042748,0.4246542,
-0.02176998,-0.128137,0.4042748,0.4246542,
-0.02176998,-0.128137,0.4042748,0.4246542,
-0.02176998,-0.128137,0.4042748,0.4246542,
-0.02176998,-0.128137,0.4042748,0.4246542,
0.07219689,0.2163862,0.4905879,0.5410285,
0.07219689,0.2163862,0.4905879,0.5410285,
0.07219689,0.2163862,0.4905879,0.5410285,
0.07219689,0.2163862,0.4905879,0.5410285,
0.07219689,0.2163862,0.4905879,0.5410285,
0.07219689,0.2163862,0.4905879,0.5410285,
0.07219689,0.2163862,0.4905879,0.5410285,
0.07219689,0.2163862,0.4905879,0.5410285,
0.04396471,0.2180484,0.4824663,0.5312737,
0.04396471,0.2180484,0.4824663,0.5312737,
0.04396471,0.2180484,0.4824663,0.5312737,
0.04396471,0.2180484,0.4824663,0.5312737,
0.04396471,0.2180484,0.4824663,0.5312737,
0.04396471,0.2180484,0.4824663,0.5312737,
0.04396471,0.2180484,0.4824663,0.5312737,
0.04396471,0.2180484,0.4824663,0.5312737,
0.04396471,0.2180484,0.4824663,0.5312737,
0.04396471,0.2180484,0.4824663,0.5312737,
0.02201888,0.2168217,0.4725115,0.5203495,
0.02201888,0.2168217,0.4725115,0.5203495,
0.02201888,0.2168217,0.4725115,0.5203495,
0.02201888,0.2168217,0.4725115,0.5203495,
0.02201888,0.2168217,0.4725115,0.5203495,
0.02201888,0.2168217,0.4725115,0.5203495,
0.02201888,0.2168217,0.4725115,0.5203495,
0.02201888,0.2168217,0.4725115,0.5203495,
0.02201888,0.2168217,0.4725115,0.5203495,
0.02201888,0.2168217,0.4725115,0.5203495,
-0.0007292593,0.2183236,0.4710245,0.5191626,
-0.0007292593,0.2183236,0.4710245,0.5191626,
-0.0007292593,0.2183236,0.4710245,0.5191626,
-0.0007292593,0.2183236,0.4710245,0.5191626,
-0.0007292593,0.2183236,0.4710245,0.5191626,
-0.0007292593,0.2183236,0.4710245,0.5191626,
-0.0007292593,0.2183236,0.4710245,0.5191626,
-0.0007292593,0.2183236,0.4710245,0.5191626,
-0.0007292593,0.2183236,0.4710245,0.5191626,
-0.01968309,0.2217016,0.4692841,0.5193906,
-0.01968309,0.2217016,0.4692841,0.5193906,
-0.01968309,0.2217016,0.4692841,0.5193906,
-0.01968309,0.2217016,0.4692841,0.5193906,
-0.01968309,0.2217016,0.4692841,0.5193906,
-0.01968309,0.2217016,0.4692841,0.5193906,
-0.01968309,0.2217016,0.4692841,0.5193906,
-0.01968309,0.2217016,0.4692841,0.5193906,
-0.01968309,0.2217016,0.4692841,0.5193906,
-0.01968309,0.2217016,0.4692841,0.5193906,
-0.01968309,0.2217016,0.4692841,0.5193906,
-0.03436138,0.2233994,0.4659949,0.5179182,
-0.03436138,0.2233994,0.4659949,0.5179182,
-0.03436138,0.2233994,0.4659949,0.5179182,
-0.03436138,0.2233994,0.4659949,0.5179182,
-0.03436138,0.2233994,0.4659949,0.5179182,
-0.03436138,0.2233994,0.4659949,0.5179182,
-0.03436138,0.2233994,0.4659949,0.5179182,
-0.03436138,0.2233994,0.4659949,0.5179182,
-0.03436138,0.2233994,0.4659949,0.5179182,
-0.03436138,0.2233994,0.4659949,0.5179182,
-0.03436138,0.2233994,0.4659949,0.5179182,
-0.04575609,0.2249121,0.4612363,0.5151873,
-0.04575609,0.2249121,0.4612363,0.5151873,
-0.04575609,0.2249121,0.4612363,0.5151873,
-0.04575609,0.2249121,0.4612363,0.5151873,
-0.04575609,0.2249121,0.4612363,0.5151873,
-0.04575609,0.2249121,0.4612363,0.5151873,
-0.04575609,0.2249121,0.4612363,0.5151873,
-0.04575609,0.2249121,0.4612363,0.5151873,
-0.04575609,0.2249121,0.4612363,0.5151873,
-0.04575609,0.2249121,0.4612363,0.5151873,
-0.05641351,0.2271552,0.4537075,0.5105217,
-0.05641351,0.2271552,0.4537075,0.5105217,
-0.05641351,0.2271552,0.4537075,0.5105217,
-0.05641351,0.2271552,0.4537075,0.5105217,
-0.05641351,0.2271552,0.4537075,0.5105217,
-0.05641351,0.2271552,0.4537075,0.5105217,
-0.05641351,0.2271552,0.4537075,0.5105217,
-0.05641351,0.2271552,0.4537075,0.5105217,
-0.05641351,0.2271552,0.4537075,0.5105217,
-0.05641351,0.2271552,0.4537075,0.5105217,
-0.07134269,0.2290395,0.4497187,0.5097017,
-0.07134269,0.2290395,0.4497187,0.5097017,
-0.07134269,0.2290395,0.4497187,0.5097017,
-0.07134269,0.2290395,0.4497187,0.5097017,
-0.07134269,0.2290395,0.4497187,0.5097017,
-0.07134269,0.2290395,0.4497187,0.5097017,
-0.07134269,0.2290395,0.4497187,0.5097017,
-0.07134269,0.2290395,0.4497187,0.5097017,
-0.07134269,0.2290395,0.4497187,0.5097017,
-0.07134269,0.2290395,0.4497187,0.5097017,
-0.07134269,0.2290395,0.4497187,0.5097017,
-0.08851142,0.2285717,0.4434327,0.5066674,
-0.08851142,0.2285717,0.4434327,0.5066674,
-0.08851142,0.2285717,0.4434327,0.5066674,
-0.08851142,0.2285717,0.4434327,0.5066674,
-0.08851142,0.2285717,0.4434327,0.5066674,
-0.08851142,0.2285717,0.4434327,0.5066674,
-0.08851142,0.2285717,0.4434327,0.5066674,
-0.1081953,0.2259004,0.4318223,0.4992071,
-0.1081953,0.2259004,0.4318223,0.4992071,
-0.1081953,0.2259004,0.4318223,0.4992071,
-0.1081953,0.2259004,0.4318223,0.4992071,
-0.1081953,0.2259004,0.4318223,0.4992071,
-0.1081953,0.2259004,0.4318223,0.4992071,
-0.1081953,0.2259004,0.4318223,0.4992071,
-0.1200055,0.2218529,0.4180906,0.4882825,
-0.1200055,0.2218529,0.4180906,0.4882825,
-0.1200055,0.2218529,0.4180906,0.4882825,
-0.1200055,0.2218529,0.4180906,0.4882825,
-0.1200055,0.2218529,0.4180906,0.4882825,
-0.1200055,0.2218529,0.4180906,0.4882825,
-0.1200055,0.2218529,0.4180906,0.4882825,
-0.1200055,0.2218529,0.4180906,0.4882825,
-0.1200055,0.2218529,0.4180906,0.4882825,
-0.1200055,0.2218529,0.4180906,0.4882825,
-0.1200055,0.2218529,0.4180906,0.4882825,
-0.1200055,0.2218529,0.4180906,0.4882825,
0,0,0,0,
0,0,0,0,
0,0,0,0,
0,0,0,0,
0,0,0,0,
0,0,0,0,
0,0,0,0,
0,0,0,0,
0,0,0,0,
0,0,0,0,
0,0,0,0,
0,0,0,0,
0,0,0,0,
0,0,0,0,
0,0,0,0,
0,0,0,0,
0,0,0,0,
0,0,0,0,
0,0,0,0,
0,0,0,0,
0,0,0,0,
0,0,0,0,
0,0,0,0,
0,0,0,0,
0,0,0,0,
0,0,0,0,
0,0,0,0,
0,0,0,0,
0,0,0,0,
0,0,0,0,
0,0,0,0,
0,0,0,0,
-0.491771,0.1786765,0.4193694,0.6705481,
-0.491771,0.1786765,0.4193694,0.6705481,
-0.491771,0.1786765,0.4193694,0.6705481,
-0.491771,0.1786765,0.4193694,0.6705481,
-0.491771,0.1786765,0.4193694,0.6705481,
-0.4942479,0.1777318,0.4133012,0.6683468,
-0.4942479,0.1777318,0.4133012,0.6683468,
-0.4942479,0.1777318,0.4133012,0.6683468,
-0.4942479,0.1777318,0.4133012,0.6683468,
-0.4942479,0.1777318,0.4133012,0.6683468,
-0.4942479,0.1777318,0.4133012,0.6683468,
-0.4942479,0.1777318,0.4133012,0.6683468,
-0.4942479,0.1777318,0.4133012,0.6683468,
-0.4942479,0.1777318,0.4133012,0.6683468,
-0.4942479,0.1777318,0.4133012,0.6683468,
-0.4942479,0.1777318,0.4133012,0.6683468,
0,0,0,0,
0,0,0,0,
0,0,0,0,
0,0,0,0,
0,0,0,0,
0,0,0,0,
0,0,0,0,
0,0,0,0,
0,0,0,0,
0,0,0,0,
0,0,0,0,
0,0,0,0,
0,0,0,0,
0,0,0,0,
0,0,0,0,
0,0,0,0,
0,0,0,0,
0,0,0,0,
0,0,0,0,
0,0,0,0,
0,0,0,0,
-0.3402545,-0.03636087,0.287136,0.4467017,
-0.3402545,-0.03636087,0.287136,0.4467017,
-0.3402545,-0.03636087,0.287136,0.4467017,
-0.3402545,-0.03636087,0.287136,0.4467017,
-0.3402545,-0.03636087,0.287136,0.4467017,
-0.3402545,-0.03636087,0.287136,0.4467017,
-0.3402545,-0.03636087,0.287136,0.4467017,
-0.3402545,-0.03636087,0.287136,0.4467017,
-0.336682,-0.0105259,0.2634171,0.4276145,
-0.336682,-0.0105259,0.2634171,0.4276145,
-0.336682,-0.0105259,0.2634171,0.4276145,
-0.336682,-0.0105259,0.2634171,0.4276145,
-0.336682,-0.0105259,0.2634171,0.4276145,
-0.336682,-0.0105259,0.2634171,0.4276145,
-0.336682,-0.0105259,0.2634171,0.4276145,
-0.336682,-0.0105259,0.2634171,0.4276145,
0,0,0,0,
0,0,0,0,
0,0,0,0,
0,0,0,0,
0,0,0,0,
0,0,0,0,
0,0,0,0,
0,0,0,0,
0,0,0,0,
0,0,0,0,
0,0,0,0,
0,0,0,0,
0,0,0,0,
0,0,0,0,
0,0,0,0,
0,0,0,0,
0,0,0,0,
0,0,0,0,
-0.408404,-0.240705,0.2945237,0.5581012,
-0.408404,-0.240705,0.2945237,0.5581012,
-0.408404,-0.240705,0.2945237,0.5581012,
-0.408404,-0.240705,0.2945237,0.5581012,
-0.408404,-0.240705,0.2945237,0.5581012,
-0.408404,-0.240705,0.2945237,0.5581012,
-0.408404,-0.240705,0.2945237,0.5581012,
-0.408404,-0.240705,0.2945237,0.5581012,
-0.408404,-0.240705,0.2945237,0.5581012,
-0.3794115,-0.2153795,0.2785808,0.5176376,
-0.3794115,-0.2153795,0.2785808,0.5176376,
-0.3794115,-0.2153795,0.2785808,0.5176376,
-0.3794115,-0.2153795,0.2785808,0.5176376,
-0.3794115,-0.2153795,0.2785808,0.5176376,
-0.3794115,-0.2153795,0.2785808,0.5176376,
-0.3794115,-0.2153795,0.2785808,0.5176376,
-0.3794115,-0.2153795,0.2785808,0.5176376,
-0.3794115,-0.2153795,0.2785808,0.5176376,
-0.3794115,-0.2153795,0.2785808,0.5176376,
0,0,0,0,
0,0,0,0,
0,0,0,0,
0,0,0,0,
0,0,0,0,
0,0,0,0,
0,0,0,0,
0,0,0,0,
0,0,0,0,
0,0,0,0,
0,0,0,0,
0,0,0,0,
0,0,0,0,
0,0,0,0,
0,0,0,0,
0,0,0,0,
0,0,0,0,
0,0,0,0,
0,0,0,0,
0,0,0,0,
-0.08788262,-0.08180631,0.06912608,0.1385426,
-0.08788262,-0.08180631,0.06912608,0.1385426,
-0.08788262,-0.08180631,0.06912608,0.1385426,
-0.08788262,-0.08180631,0.06912608,0.1385426,
-0.08788262,-0.08180631,0.06912608,0.1385426,
-0.08788262,-0.08180631,0.06912608,0.1385426,
-0.08788262,-0.08180631,0.06912608,0.1385426,
-0.08788262,-0.08180631,0.06912608,0.1385426,
-0.08788262,-0.08180631,0.06912608,0.1385426,
-0.08788262,-0.08180631,0.06912608,0.1385426,
-0.08788262,-0.08180631,0.06912608,0.1385426,
-0.08788262,-0.08180631,0.06912608,0.1385426,
-0.2235187,-0.02791268,0.1534244,0.2725413,
-0.2235187,-0.02791268,0.1534244,0.2725413,
-0.2235187,-0.02791268,0.1534244,0.2725413,
-0.2235187,-0.02791268,0.1534244,0.2725413,
-0.2235187,-0.02791268,0.1534244,0.2725413,
-0.2235187,-0.02791268,0.1534244,0.2725413,
-0.2235187,-0.02791268,0.1534244,0.2725413,
-0.2235187,-0.02791268,0.1534244,0.2725413,
-0.2235187,-0.02791268,0.1534244,0.2725413,
-0.2235187,-0.02791268,0.1534244,0.2725413,
-0.2235187,-0.02791268,0.1534244,0.2725413,
-0.2530598,-0.02918868,0.179322,0.3115247,
-0.2530598,-0.02918868,0.179322,0.3115247,
-0.2530598,-0.02918868,0.179322,0.3115247,
-0.2530598,-0.02918868,0.179322,0.3115247,
-0.2530598,-0.02918868,0.179322,0.3115247,
-0.2530598,-0.02918868,0.179322,0.3115247,
-0.2530598,-0.02918868,0.179322,0.3115247,
-0.2530598,-0.02918868,0.179322,0.3115247,
-0.2605292,-0.0172591,0.1953471,0.3260886,
-0.2605292,-0.0172591,0.1953471,0.3260886,
-0.2605292,-0.0172591,0.1953471,0.3260886,
-0.2605292,-0.0172591,0.1953471,0.3260886,
-0.2605292,-0.0172591,0.1953471,0.3260886,
0,0,0,0,
0,0,0,0,
0,0,0,0,
0,0,0,0,
0,0,0,0,
0,0,0,0,
0,0,0,0,
0,0,0,0,
0,0,0,0,
0,0,0,0,
0,0,0,0,
0,0,0,0,
0,0,0,0,
0,0,0,0,
0,0,0,0,
0,0,0,0,
0,0,0,0,
0,0,0,0,
0,0,0,0,
0,0,0,0,
0,0,0,0,
-0.09507866,-0.06548361,0.07419944,0.1372356,
-0.09507866,-0.06548361,0.07419944,0.1372356,
-0.09507866,-0.06548361,0.07419944,0.1372356,
-0.09507866,-0.06548361,0.07419944,0.1372356,
-0.09507866,-0.06548361,0.07419944,0.1372356,
-0.09507866,-0.06548361,0.07419944,0.1372356,
-0.09507866,-0.06548361,0.07419944,0.1372356,
-0.09507866,-0.06548361,0.07419944,0.1372356,
-0.09507866,-0.06548361,0.07419944,0.1372356,
-0.09507866,-0.06548361,0.07419944,0.1372356,
-0.09507866,-0.06548361,0.07419944,0.1372356,
-0.09507866,-0.06548361,0.07419944,0.1372356,
-0.1974002,0.08223092,0.1442193,0.2579302,
-0.1974002,0.08223092,0.1442193,0.2579302,
-0.1974002,0.08223092,0.1442193,0.2579302,
-0.1974002,0.08223092,0.1442193,0.2579302,
-0.1974002,0.08223092,0.1442193,0.2579302,
-0.1974002,0.08223092,0.1442193,0.2579302,
-0.1974002,0.08223092,0.1442193,0.2579302,
-0.1974002,0.08223092,0.1442193,0.2579302,
-0.1974002,0.08223092,0.1442193,0.2579302,
-0.1974002,0.08223092,0.1442193,0.2579302,
-0.1974002,0.08223092,0.1442193,0.2579302,
-0.203611,0.0926266,0.1568836,0.2732207,
-0.203611,0.0926266,0.1568836,0.2732207,
-0.203611,0.0926266,0.1568836,0.2732207,
-0.203611,0.0926266,0.1568836,0.2732207,
-0.203611,0.0926266,0.1568836,0.2732207,
-0.203611,0.0926266,0.1568836,0.2732207,
-0.203611,0.0926266,0.1568836,0.2732207,
-0.203611,0.0926266,0.1568836,0.2732207,
-0.203611,0.0926266,0.1568836,0.2732207,
-0.203611,0.0926266,0.1568836,0.2732207,
-0.203611,0.0926266,0.1568836,0.2732207,
-0.203611,0.0926266,0.1568836,0.2732207,
-0.1879895,0.09980246,0.1583073,0.265258,
-0.1879895,0.09980246,0.1583073,0.265258,
-0.1879895,0.09980246,0.1583073,0.265258,
-0.1879895,0.09980246,0.1583073,0.265258,
-0.1879895,0.09980246,0.1583073,0.265258,
-0.1879895,0.09980246,0.1583073,0.265258,
-0.1879895,0.09980246,0.1583073,0.265258,
-0.1879895,0.09980246,0.1583073,0.265258,
-0.1879895,0.09980246,0.1583073,0.265258,
-0.1879895,0.09980246,0.1583073,0.265258,
-0.1879895,0.09980246,0.1583073,0.265258,
-0.1564257,0.104226,0.1516912,0.2415415,
-0.1564257,0.104226,0.1516912,0.2415415,
-0.1564257,0.104226,0.1516912,0.2415415,
-0.1564257,0.104226,0.1516912,0.2415415,
-0.1564257,0.104226,0.1516912,0.2415415,
-0.1564257,0.104226,0.1516912,0.2415415,
-0.1564257,0.104226,0.1516912,0.2415415,
-0.1564257,0.104226,0.1516912,0.2415415,
-0.1564257,0.104226,0.1516912,0.2415415,
-0.1564257,0.104226,0.1516912,0.2415415,
-0.1564257,0.104226,0.1516912,0.2415415,
-0.1378645,0.1074733,0.1487942,0.229558,
-0.1378645,0.1074733,0.1487942,0.229558,
-0.1378645,0.1074733,0.1487942,0.229558,
-0.1378645,0.1074733,0.1487942,0.229558,
-0.1378645,0.1074733,0.1487942,0.229558,
-0.1378645,0.1074733,0.1487942,0.229558,
-0.1378645,0.1074733,0.1487942,0.229558,
-0.1378645,0.1074733,0.1487942,0.229558,
-0.1378645,0.1074733,0.1487942,0.229558,
-0.1378645,0.1074733,0.1487942,0.229558,
-0.1378645,0.1074733,0.1487942,0.229558,
-0.1378645,0.1074733,0.1487942,0.229558,
-0.1378645,0.1074733,0.1487942,0.229558,
-0.2006295,0.06613204,0.1965106,0.288517,
-0.2006295,0.06613204,0.1965106,0.288517,
-0.2006295,0.06613204,0.1965106,0.288517,
-0.2006295,0.06613204,0.1965106,0.288517,
-0.2006295,0.06613204,0.1965106,0.288517,
-0.2006295,0.06613204,0.1965106,0.288517,
-0.2006295,0.06613204,0.1965106,0.288517,
-0.2006295,0.06613204,0.1965106,0.288517,
-0.2006295,0.06613204,0.1965106,0.288517,
-0.2006295,0.06613204,0.1965106,0.288517,
-0.2006295,0.06613204,0.1965106,0.288517,
-0.2006295,0.06613204,0.1965106,0.288517,
-0.2102105,0.07041739,0.210977,0.3060365,
-0.2102105,0.07041739,0.210977,0.3060365,
-0.2102105,0.07041739,0.210977,0.3060365,
-0.2102105,0.07041739,0.210977,0.3060365,
-0.2102105,0.07041739,0.210977,0.3060365,
-0.2102105,0.07041739,0.210977,0.3060365,
-0.2102105,0.07041739,0.210977,0.3060365,
-0.2102105,0.07041739,0.210977,0.3060365,
-0.2102105,0.07041739,0.210977,0.3060365,
-0.218266,0.07448692,0.2250223,0.3222164,
-0.218266,0.07448692,0.2250223,0.3222164,
-0.218266,0.07448692,0.2250223,0.3222164,
-0.218266,0.07448692,0.2250223,0.3222164,
-0.218266,0.07448692,0.2250223,0.3222164,
-0.218266,0.07448692,0.2250223,0.3222164,
-0.218266,0.07448692,0.2250223,0.3222164,
-0.218266,0.07448692,0.2250223,0.3222164,
-0.218266,0.07448692,0.2250223,0.3222164,
0,0,0,0,
0,0,0,0,
0,0,0,0,
0,0,0,0,
0,0,0,0,
0,0,0,0,
0,0,0,0,
0,0,0,0,
0,0,0,0,
0,0,0,0,
0,0,0,0,
0,0,0,0,
0,0,0,0,
0,0,0,0,
0,0,0,0,
0,0,0,0,
0,0,0,0,
0,0,0,0,
0,0,0,0,
0,0,0,0,
-0.3816499,-0.03853672,0.3501488,0.5193707,
-0.3816499,-0.03853672,0.3501488,0.5193707,
-0.3816499,-0.03853672,0.3501488,0.5193707,
-0.3816499,-0.03853672,0.3501488,0.5193707,
-0.3816499,-0.03853672,0.3501488,0.5193707,
-0.3816499,-0.03853672,0.3501488,0.5193707,
-0.3816499,-0.03853672,0.3501488,0.5193707,
-0.3816499,-0.03853672,0.3501488,0.5193707,
-0.3816499,-0.03853672,0.3501488,0.5193707,
-0.4080531,-0.0337791,0.3749621,0.5551981,
-0.4080531,-0.0337791,0.3749621,0.5551981,
-0.4080531,-0.0337791,0.3749621,0.5551981,
-0.4080531,-0.0337791,0.3749621,0.5551981,
-0.4080531,-0.0337791,0.3749621,0.5551981,
-0.4080531,-0.0337791,0.3749621,0.5551981,
-0.4080531,-0.0337791,0.3749621,0.5551981,
-0.4080531,-0.0337791,0.3749621,0.5551981,
-0.4080531,-0.0337791,0.3749621,0.5551981,
0,0,0,0,
0,0,0,0,
0,0,0,0,
0,0,0,0,
0,0,0,0,
0,0,0,0,
0,0,0,0,
0,0,0,0,
0,0,0,0,
0,0,0,0,
0,0,0,0,
0,0,0,0,
0,0,0,0,
0,0,0,0,
0,0,0,0,
0,0,0,0,
0,0,0,0,
-0.300292,0.2271435,0.3315265,0.5016765,
-0.300292,0.2271435,0.3315265,0.5016765,
-0.300292,0.2271435,0.3315265,0.5016765,
-0.300292,0.2271435,0.3315265,0.5016765,
-0.300292,0.2271435,0.3315265,0.5016765,
-0.300292,0.2271435,0.3315265,0.5016765,
-0.300292,0.2271435,0.3315265,0.5016765,
-0.2580327,0.2088849,0.312959,0.4562424,
-0.2580327,0.2088849,0.312959,0.4562424,
-0.2580327,0.2088849,0.312959,0.4562424,
-0.2580327,0.2088849,0.312959,0.4562424,
-0.2580327,0.2088849,0.312959,0.4562424,
-0.2580327,0.2088849,0.312959,0.4562424,
-0.2580327,0.2088849,0.312959,0.4562424,
-0.2580327,0.2088849,0.312959,0.4562424,
-0.2580327,0.2088849,0.312959,0.4562424,
-0.3629581,0.1073133,0.3880266,0.5420511,
-0.3629581,0.1073133,0.3880266,0.5420511,
-0.3629581,0.1073133,0.3880266,0.5420511,
-0.3629581,0.1073133,0.3880266,0.5420511,
-0.3629581,0.1073133,0.3880266,0.5420511,
-0.3629581,0.1073133,0.3880266,0.5420511,
-0.3629581,0.1073133,0.3880266,0.5420511,
-0.3629581,0.1073133,0.3880266,0.5420511,
-0.3629581,0.1073133,0.3880266,0.5420511,
-0.3629581,0.1073133,0.3880266,0.5420511,
-0.3629581,0.1073133,0.3880266,0.5420511,
0,0,0,0,
0,0,0,0,
0,0,0,0,
0,0,0,0,
0,0,0,0,
0,0,0,0,
0,0,0,0,
0,0,0,0,
0,0,0,0,
0,0,0,0,
0,0,0,0,
0,0,0,0,
0,0,0,0,
0,0,0,0,
0,0,0,0,
-0.2574091,0.2417267,0.3481052,0.4958512,
-0.2574091,0.2417267,0.3481052,0.4958512,
-0.2574091,0.2417267,0.3481052,0.4958512,
-0.2574091,0.2417267,0.3481052,0.4958512,
-0.2574091,0.2417267,0.3481052,0.4958512,
-0.2574091,0.2417267,0.3481052,0.4958512,
-0.2574091,0.2417267,0.3481052,0.4958512,
-0.2574091,0.2417267,0.3481052,0.4958512,
-0.2093663,0.2321885,0.3332435,0.4569431,
-0.2093663,0.2321885,0.3332435,0.4569431,
-0.2093663,0.2321885,0.3332435,0.4569431,
-0.2093663,0.2321885,0.3332435,0.4569431,
-0.2093663,0.2321885,0.3332435,0.4569431,
-0.2093663,0.2321885,0.3332435,0.4569431,
-0.2093663,0.2321885,0.3332435,0.4569431,
-0.2093663,0.2321885,0.3332435,0.4569431,
-0.2093663,0.2321885,0.3332435,0.4569431,
-0.2093663,0.2321885,0.3332435,0.4569431,
-0.2093663,0.2321885,0.3332435,0.4569431,
-0.2093663,0.2321885,0.3332435,0.4569431,
-0.2093663,0.2321885,0.3332435,0.4569431,
0,0,0,0,
0,0,0,0,
0,0,0,0,
0,0,0,0,
0,0,0,0,
0,0,0,0,
0,0,0,0,
0,0,0,0,
0,0,0,0,
0,0,0,0,
0,0,0,0,
0,0,0,0,
0,0,0,0,
0,0,0,0,
0,0,0,0,
0,0,0,0,
0,0,0,0,
0,0,0,0,
0,0,0,0,
0,0,0,0,
0,0,0,0,
0,0,0,0,
0,0,0,0,
-0.03162346,-0.01371662,0.03671192,0.05035825,
-0.03162346,-0.01371662,0.03671192,0.05035825,
-0.03162346,-0.01371662,0.03671192,0.05035825,
-0.03162346,-0.01371662,0.03671192,0.05035825,
-0.03162346,-0.01371662,0.03671192,0.05035825,
-0.03162346,-0.01371662,0.03671192,0.05035825,
-0.3618874,0.1765014,0.3810801,0.5543801,
-0.3618874,0.1765014,0.3810801,0.5543801,
-0.3618874,0.1765014,0.3810801,0.5543801,
-0.3618874,0.1765014,0.3810801,0.5543801,
-0.3618874,0.1765014,0.3810801,0.5543801,
-0.3618874,0.1765014,0.3810801,0.5543801,
-0.3618874,0.1765014,0.3810801,0.5543801,
-0.3618874,0.1765014,0.3810801,0.5543801,
-0.3646504,0.1722942,0.3956258,0.5649558,
-0.3646504,0.1722942,0.3956258,0.5649558,
-0.3646504,0.1722942,0.3956258,0.5649558,
-0.3646504,0.1722942,0.3956258,0.5649558,
-0.3646504,0.1722942,0.3956258,0.5649558,
-0.3646504,0.1722942,0.3956258,0.5649558,
-0.3646504,0.1722942,0.3956258,0.5649558,
-0.3646504,0.1722942,0.3956258,0.5649558,
-0.3646504,0.1722942,0.3956258,0.5649558,
-0.3646504,0.1722942,0.3956258,0.5649558,
-0.3646504,0.1722942,0.3956258,0.5649558,
0,0,0,0,
0,0,0,0,
0,0,0,0,
0,0,0,0,
0,0,0,0,
0,0,0,0,
0,0,0,0,
0,0,0,0,
0,0,0,0,
0,0,0,0,
0,0,0,0,
0,0,0,0,
0,0,0,0,
0,0,0,0,
0,0,0,0,
0,0,0,0,
0,0,0,0,
0,0,0,0,
0,0,0,0,
0,0,0,0,
0,0,0,0,
-0.1929683,-0.06930824,0.1928887,0.2815075,
-0.1929683,-0.06930824,0.1928887,0.2815075,
-0.1929683,-0.06930824,0.1928887,0.2815075,
-0.1929683,-0.06930824,0.1928887,0.2815075,
-0.1929683,-0.06930824,0.1928887,0.2815075,
-0.1929683,-0.06930824,0.1928887,0.2815075,
-0.1929683,-0.06930824,0.1928887,0.2815075,
-0.1929683,-0.06930824,0.1928887,0.2815075,
-0.1929683,-0.06930824,0.1928887,0.2815075,
-0.1929683,-0.06930824,0.1928887,0.2815075,
-0.1878861,-0.05017777,0.2000165,0.2789724,
-0.1878861,-0.05017777,0.2000165,0.2789724,
-0.1878861,-0.05017777,0.2000165,0.2789724,
-0.1878861,-0.05017777,0.2000165,0.2789724,
-0.1878861,-0.05017777,0.2000165,0.2789724,
-0.1878861,-0.05017777,0.2000165,0.2789724,
-0.1878861,-0.05017777,0.2000165,0.2789724,
-0.1878861,-0.05017777,0.2000165,0.2789724,
-0.2271909,0.1953587,0.2849063,0.4134638,
-0.2271909,0.1953587,0.2849063,0.4134638,
-0.2271909,0.1953587,0.2849063,0.4134638,
-0.2271909,0.1953587,0.2849063,0.4134638,
-0.2271909,0.1953587,0.2849063,0.4134638,
-0.2271909,0.1953587,0.2849063,0.4134638,
-0.2004976,0.2052358,0.2953815,0.4117903,
-0.2004976,0.2052358,0.2953815,0.4117903,
-0.2004976,0.2052358,0.2953815,0.4117903,
-0.2004976,0.2052358,0.2953815,0.4117903,
-0.2004976,0.2052358,0.2953815,0.4117903,
-0.2004976,0.2052358,0.2953815,0.4117903,
-0.2004976,0.2052358,0.2953815,0.4117903,
-0.2004976,0.2052358,0.2953815,0.4117903,
-0.2004976,0.2052358,0.2953815,0.4117903,
-0.2004976,0.2052358,0.2953815,0.4117903,
-0.2004976,0.2052358,0.2953815,0.4117903,
-0.2004976,0.2052358,0.2953815,0.4117903,
-0.2004976,0.2052358,0.2953815,0.4117903,
0,0,0,0,
0,0,0,0,
0,0,0,0,
0,0,0,0,
0,0,0,0,
0,0,0,0,
0,0,0,0,
0,0,0,0,
0,0,0,0,
0,0,0,0,
0,0,0,0,
0,0,0,0,
0,0,0,0,
0,0,0,0,
0,0,0,0,
0,0,0,0,
0,0,0,0,
0,0,0,0,
0,0,0,0,
0,0,0,0,
0,0,0,0,
-0.02756769,0.1141882,0.1811306,0.215887,
-0.02756769,0.1141882,0.1811306,0.215887,
-0.02756769,0.1141882,0.1811306,0.215887,
-0.02756769,0.1141882,0.1811306,0.215887,
-0.02756769,0.1141882,0.1811306,0.215887,
-0.02756769,0.1141882,0.1811306,0.215887,
-0.02756769,0.1141882,0.1811306,0.215887,
-0.02756769,0.1141882,0.1811306,0.215887,
-0.02756769,0.1141882,0.1811306,0.215887,
-0.02756769,0.1141882,0.1811306,0.215887,
-0.0164653,0.1138415,0.1844508,0.2173778,
-0.0164653,0.1138415,0.1844508,0.2173778,
-0.0164653,0.1138415,0.1844508,0.2173778,
-0.0164653,0.1138415,0.1844508,0.2173778,
-0.0164653,0.1138415,0.1844508,0.2173778,
-0.0164653,0.1138415,0.1844508,0.2173778,
-0.0164653,0.1138415,0.1844508,0.2173778,
-0.0164653,0.1138415,0.1844508,0.2173778,
-0.0164653,0.1138415,0.1844508,0.2173778,
-0.0164653,0.1138415,0.1844508,0.2173778,
-0.0164653,0.1138415,0.1844508,0.2173778,
-0.0164653,0.1138415,0.1844508,0.2173778,
-0.0001245433,0.107457,0.1769598,0.2070309,
-0.0001245433,0.107457,0.1769598,0.2070309,
-0.0001245433,0.107457,0.1769598,0.2070309,
-0.0001245433,0.107457,0.1769598,0.2070309,
-0.0001245433,0.107457,0.1769598,0.2070309,
-0.0001245433,0.107457,0.1769598,0.2070309,
-0.0001245433,0.107457,0.1769598,0.2070309,
-0.0001245433,0.107457,0.1769598,0.2070309,
-0.0001245433,0.107457,0.1769598,0.2070309,
-0.0001245433,0.107457,0.1769598,0.2070309,
-0.0001245433,0.107457,0.1769598,0.2070309,
-0.0001245433,0.107457,0.1769598,0.2070309,
-0.0001245433,0.107457,0.1769598,0.2070309,
0.01868909,0.09594945,0.1608372,0.1882131,
0.01868909,0.09594945,0.1608372,0.1882131,
0.01868909,0.09594945,0.1608372,0.1882131,
0.01868909,0.09594945,0.1608372,0.1882131,
0.01868909,0.09594945,0.1608372,0.1882131,
0.01868909,0.09594945,0.1608372,0.1882131,
0.01868909,0.09594945,0.1608372,0.1882131,
0.01868909,0.09594945,0.1608372,0.1882131,
0.01868909,0.09594945,0.1608372,0.1882131,
0.01868909,0.09594945,0.1608372,0.1882131,
0.01868909,0.09594945,0.1608372,0.1882131,
0.01868909,0.09594945,0.1608372,0.1882131,
0.01868909,0.09594945,0.1608372,0.1882131,
-0.07266759,-0.06276093,0.1399954,0.1697593,
-0.07266759,-0.06276093,0.1399954,0.1697593,
-0.07266759,-0.06276093,0.1399954,0.1697593,
-0.07266759,-0.06276093,0.1399954,0.1697593,
-0.07266759,-0.06276093,0.1399954,0.1697593,
-0.07266759,-0.06276093,0.1399954,0.1697593,
-0.07266759,-0.06276093,0.1399954,0.1697593,
-0.07266759,-0.06276093,0.1399954,0.1697593,
-0.07266759,-0.06276093,0.1399954,0.1697593,
-0.07266759,-0.06276093,0.1399954,0.1697593,
-0.07266759,-0.06276093,0.1399954,0.1697593,
-0.1595937,0.08764723,0.2280709,0.2918365,
-0.1595937,0.08764723,0.2280709,0.2918365,
-0.1595937,0.08764723,0.2280709,0.2918365,
-0.1595937,0.08764723,0.2280709,0.2918365,
-0.1595937,0.08764723,0.2280709,0.2918365,
-0.1595937,0.08764723,0.2280709,0.2918365,
-0.1595937,0.08764723,0.2280709,0.2918365,
-0.1595937,0.08764723,0.2280709,0.2918365,
-0.1365364,0.08612206,0.1975081,0.2550856,
-0.1365364,0.08612206,0.1975081,0.2550856,
-0.1365364,0.08612206,0.1975081,0.2550856,
-0.1365364,0.08612206,0.1975081,0.2550856,
-0.1365364,0.08612206,0.1975081,0.2550856,
-0.1365364,0.08612206,0.1975081,0.2550856,
-0.1365364,0.08612206,0.1975081,0.2550856,
-0.1365364,0.08612206,0.1975081,0.2550856,
-0.1365364,0.08612206,0.1975081,0.2550856,
-0.1365364,0.08612206,0.1975081,0.2550856,
-0.1365364,0.08612206,0.1975081,0.2550856,
-0.1365364,0.08612206,0.1975081,0.2550856,
0,0,0,0,
0,0,0,0,
0,0,0,0,
0,0,0,0,
0,0,0,0,
0,0,0,0,
0,0,0,0,
0,0,0,0,
0,0,0,0,
0,0,0,0,
0,0,0,0,
-0.05754116,0.007943927,0.09626746,0.1124345,
-0.05754116,0.007943927,0.09626746,0.1124345,
-0.05754116,0.007943927,0.09626746,0.1124345,
-0.05754116,0.007943927,0.09626746,0.1124345,
-0.05754116,0.007943927,0.09626746,0.1124345,
-0.05754116,0.007943927,0.09626746,0.1124345,
-0.05754116,0.007943927,0.09626746,0.1124345,
-0.05754116,0.007943927,0.09626746,0.1124345,
-0.05754116,0.007943927,0.09626746,0.1124345,
-0.05754116,0.007943927,0.09626746,0.1124345,
-0.05754116,0.007943927,0.09626746,0.1124345,
-0.05754116,0.007943927,0.09626746,0.1124345,
0.105931,0.1658873,0.2234518,0.2977763,
0.105931,0.1658873,0.2234518,0.2977763,
0.105931,0.1658873,0.2234518,0.2977763,
0.105931,0.1658873,0.2234518,0.2977763,
0.105931,0.1658873,0.2234518,0.2977763,
0.105931,0.1658873,0.2234518,0.2977763,
0.105931,0.1658873,0.2234518,0.2977763,
0.105931,0.1658873,0.2234518,0.2977763,
0.105931,0.1658873,0.2234518,0.2977763,
0.1040617,0.1739649,0.2372471,0.3120558,
0.1040617,0.1739649,0.2372471,0.3120558,
0.1040617,0.1739649,0.2372471,0.3120558,
0.1040617,0.1739649,0.2372471,0.3120558,
0.1040617,0.1739649,0.2372471,0.3120558,
0.1040617,0.1739649,0.2372471,0.3120558,
0.09806734,0.1692633,0.243191,0.3121044,
0.09806734,0.1692633,0.243191,0.3121044,
0.09806734,0.1692633,0.243191,0.3121044,
0.09806734,0.1692633,0.243191,0.3121044,
0.09806734,0.1692633,0.243191,0.3121044,
0.09806734,0.1692633,0.243191,0.3121044,
0.09806734,0.1692633,0.243191,0.3121044,
0.09806734,0.1692633,0.243191,0.3121044,
0.09806734,0.1692633,0.243191,0.3121044,
0.09806734,0.1692633,0.243191,0.3121044,
0.09806734,0.1692633,0.243191,0.3121044,
0.09806734,0.1692633,0.243191,0.3121044,
0.09806734,0.1692633,0.243191,0.3121044,
0,0,0,0,
0,0,0,0,
0,0,0,0,
0,0,0,0,
0,0,0,0,
0,0,0,0,
0,0,0,0,
0,0,0,0,
0,0,0,0,
0,0,0,0,
0,0,0,0,
0,0,0,0,
0,0,0,0,
0,0,0,0,
0,0,0,0,
0,0,0,0,
0,0,0,0,
0,0,0,0,
0,0,0,0,
0,0,0,0,
0,0,0,0,
0,0,0,0,
0,0,0,0,
0,0,0,0,
0,0,0,0,
0,0,0,0,
0,0,0,0,
0,0,0,0,
0,0,0,0,
0,0,0,0,
0,0,0,0,
0,0,0,0,
0,0,0,0,
0,0,0,0,
0,0,0,0,
0,0,0,0,
-0.03183562,0.1548554,0.1781411,0.2381764,
-0.03183562,0.1548554,0.1781411,0.2381764,
-0.03183562,0.1548554,0.1781411,0.2381764,
-0.03183562,0.1548554,0.1781411,0.2381764,
-0.03183562,0.1548554,0.1781411,0.2381764,
-0.03183562,0.1548554,0.1781411,0.2381764,
-0.03183562,0.1548554,0.1781411,0.2381764,
-0.02635263,0.1582486,0.1786949,0.2401436,
-0.02635263,0.1582486,0.1786949,0.2401436,
-0.02635263,0.1582486,0.1786949,0.2401436,
-0.02635263,0.1582486,0.1786949,0.2401436,
-0.02635263,0.1582486,0.1786949,0.2401436,
-0.02635263,0.1582486,0.1786949,0.2401436,
-0.02635263,0.1582486,0.1786949,0.2401436,
-0.02635263,0.1582486,0.1786949,0.2401436,
-0.02635263,0.1582486,0.1786949,0.2401436,
-0.01588463,0.1561621,0.171605,0.2325665,
-0.01588463,0.1561621,0.171605,0.2325665,
-0.01588463,0.1561621,0.171605,0.2325665,
-0.01588463,0.1561621,0.171605,0.2325665,
-0.01588463,0.1561621,0.171605,0.2325665,
-0.01588463,0.1561621,0.171605,0.2325665,
-0.01588463,0.1561621,0.171605,0.2325665,
-0.01588463,0.1561621,0.171605,0.2325665,
-0.01588463,0.1561621,0.171605,0.2325665,
-0.01588463,0.1561621,0.171605,0.2325665,
-0.01588463,0.1561621,0.171605,0.2325665,
-0.01588463,0.1561621,0.171605,0.2325665,
-0.001125028,0.1536326,0.1598336,0.2217003,
-0.001125028,0.1536326,0.1598336,0.2217003,
-0.001125028,0.1536326,0.1598336,0.2217003,
-0.001125028,0.1536326,0.1598336,0.2217003,
-0.001125028,0.1536326,0.1598336,0.2217003,
-0.001125028,0.1536326,0.1598336,0.2217003,
-0.001125028,0.1536326,0.1598336,0.2217003,
-0.001125028,0.1536326,0.1598336,0.2217003,
-0.001125028,0.1536326,0.1598336,0.2217003,
-0.001125028,0.1536326,0.1598336,0.2217003,
-0.001125028,0.1536326,0.1598336,0.2217003,
-0.001125028,0.1536326,0.1598336,0.2217003,
-0.001125028,0.1536326,0.1598336,0.2217003,
0.01109359,0.1534645,0.1517136,0.216082,
0.01109359,0.1534645,0.1517136,0.216082,
0.01109359,0.1534645,0.1517136,0.216082,
0.01109359,0.1534645,0.1517136,0.216082,
0.01109359,0.1534645,0.1517136,0.216082,
0.01109359,0.1534645,0.1517136,0.216082,
0.01109359,0.1534645,0.1517136,0.216082,
0.01109359,0.1534645,0.1517136,0.216082,
0.01109359,0.1534645,0.1517136,0.216082,
0.01109359,0.1534645,0.1517136,0.216082,
0.01109359,0.1534645,0.1517136,0.216082,
0.01863456,0.153961,0.146405,0.2132736,
0.01863456,0.153961,0.146405,0.2132736,
0.01863456,0.153961,0.146405,0.2132736,
0.01863456,0.153961,0.146405,0.2132736,
0.01863456,0.153961,0.146405,0.2132736,
0.01863456,0.153961,0.146405,0.2132736,
0.01863456,0.153961,0.146405,0.2132736,
0.01863456,0.153961,0.146405,0.2132736,
0.01863456,0.153961,0.146405,0.2132736,
0.01863456,0.153961,0.146405,0.2132736,
0.01863456,0.153961,0.146405,0.2132736,
0.01863456,0.153961,0.146405,0.2132736,
0.01863456,0.153961,0.146405,0.2132736,
0.02395032,0.1547113,0.140085,0.2100786,
0.02395032,0.1547113,0.140085,0.2100786,
0.02395032,0.1547113,0.140085,0.2100786,
0.02395032,0.1547113,0.140085,0.2100786,
0.02395032,0.1547113,0.140085,0.2100786,
0.02395032,0.1547113,0.140085,0.2100786,
0.02395032,0.1547113,0.140085,0.2100786,
0.02395032,0.1547113,0.140085,0.2100786,
0.02395032,0.1547113,0.140085,0.2100786,
0.02395032,0.1547113,0.140085,0.2100786,
0.02395032,0.1547113,0.140085,0.2100786,
0.02395032,0.1547113,0.140085,0.2100786,
0.02440327,0.1573612,0.1363526,0.2096428,
0.02440327,0.1573612,0.1363526,0.2096428,
0.02440327,0.1573612,0.1363526,0.2096428,
0.02440327,0.1573612,0.1363526,0.2096428,
0.02440327,0.1573612,0.1363526,0.2096428,
0.02440327,0.1573612,0.1363526,0.2096428,
0.02440327,0.1573612,0.1363526,0.2096428,
0.02440327,0.1573612,0.1363526,0.2096428,
0.02440327,0.1573612,0.1363526,0.2096428,
0.02440327,0.1573612,0.1363526,0.2096428,
0.02440327,0.1573612,0.1363526,0.2096428,
0.02440327,0.1573612,0.1363526,0.2096428,
0.02440327,0.1573612,0.1363526,0.2096428,
0.02012239,0.163453,0.136087,0.2136387,
0.02012239,0.163453,0.136087,0.2136387,
0.02012239,0.163453,0.136087,0.2136387,
0.02012239,0.163453,0.136087,0.2136387,
0.02012239,0.163453,0.136087,0.2136387,
0.02012239,0.163453,0.136087,0.2136387,
0.02012239,0.163453,0.136087,0.2136387,
0.02012239,0.163453,0.136087,0.2136387,
0.02012239,0.163453,0.136087,0.2136387,
0.02012239,0.163453,0.136087,0.2136387,
0.02012239,0.163453,0.136087,0.2136387,
0.02012239,0.163453,0.136087,0.2136387,
0.02012239,0.163453,0.136087,0.2136387,
0.01594642,0.1763983,0.1426483,0.2274186,
0.01594642,0.1763983,0.1426483,0.2274186,
0.01594642,0.1763983,0.1426483,0.2274186,
0.01594642,0.1763983,0.1426483,0.2274186,
0.01594642,0.1763983,0.1426483,0.2274186,
0.01594642,0.1763983,0.1426483,0.2274186,
0.01594642,0.1763983,0.1426483,0.2274186,
0.01594642,0.1763983,0.1426483,0.2274186,
0.01594642,0.1763983,0.1426483,0.2274186,
0.01594642,0.1763983,0.1426483,0.2274186,
0.01594642,0.1763983,0.1426483,0.2274186,
0.01594642,0.1763983,0.1426483,0.2274186,
0.01464172,0.1919177,0.1535006,0.2461894,
0.01464172,0.1919177,0.1535006,0.2461894,
0.01464172,0.1919177,0.1535006,0.2461894,
0.01464172,0.1919177,0.1535006,0.2461894,
0.01464172,0.1919177,0.1535006,0.2461894,
0.01464172,0.1919177,0.1535006,0.2461894,
0.01464172,0.1919177,0.1535006,0.2461894,
0.01464172,0.1919177,0.1535006,0.2461894,
0.01464172,0.1919177,0.1535006,0.2461894,
0.01464172,0.1919177,0.1535006,0.2461894,
0.01464172,0.1919177,0.1535006,0.2461894,
0.01464172,0.1919177,0.1535006,0.2461894,
0.01899017,0.213948,0.172689,0.2756009,
0.01899017,0.213948,0.172689,0.2756009,
0.01899017,0.213948,0.172689,0.2756009,
0.01899017,0.213948,0.172689,0.2756009,
0.01899017,0.213948,0.172689,0.2756009,
0.01899017,0.213948,0.172689,0.2756009,
0.01899017,0.213948,0.172689,0.2756009,
0.01899017,0.213948,0.172689,0.2756009,
0.01899017,0.213948,0.172689,0.2756009,
0.01899017,0.213948,0.172689,0.2756009,
0.03175905,0.2477973,0.203317,0.3221024,
0.03175905,0.2477973,0.203317,0.3221024,
0.03175905,0.2477973,0.203317,0.3221024,
0.03175905,0.2477973,0.203317,0.3221024,
0.03175905,0.2477973,0.203317,0.3221024,
0.03175905,0.2477973,0.203317,0.3221024,
0.03175905,0.2477973,0.203317,0.3221024,
0.05145907,0.2811967,0.2388712,0.3725306,
0.05145907,0.2811967,0.2388712,0.3725306,
0.05145907,0.2811967,0.2388712,0.3725306,
0.05145907,0.2811967,0.2388712,0.3725306,
0.05145907,0.2811967,0.2388712,0.3725306,
0.05145907,0.2811967,0.2388712,0.3725306,
0.05145907,0.2811967,0.2388712,0.3725306,
0.05145907,0.2811967,0.2388712,0.3725306,
0.05145907,0.2811967,0.2388712,0.3725306,
0.05145907,0.2811967,0.2388712,0.3725306,
0.05145907,0.2811967,0.2388712,0.3725306,
0.05145907,0.2811967,0.2388712,0.3725306,
0.05145907,0.2811967,0.2388712,0.3725306,
0,0,0,0,
0,0,0,0,
0,0,0,0,
0,0,0,0,
0,0,0,0,
0,0,0,0,
0,0,0,0,
0,0,0,0,
0,0,0,0,
0,0,0,0,
0,0,0,0,
0,0,0,0,
0,0,0,0,
0,0,0,0,
0,0,0,0,
0,0,0,0,
0,0,0,0,
0,0,0,0,
0,0,0,0,
-0.1406435,0.5620279,0.4712832,0.7468359,
-0.1406435,0.5620279,0.4712832,0.7468359,
-0.1406435,0.5620279,0.4712832,0.7468359,
-0.1406435,0.5620279,0.4712832,0.7468359,
-0.1406435,0.5620279,0.4712832,0.7468359,
-0.1406435,0.5620279,0.4712832,0.7468359,
-0.1406435,0.5620279,0.4712832,0.7468359,
-0.1406435,0.5620279,0.4712832,0.7468359,
-0.1323367,0.6226302,0.523867,0.8243895,
-0.1323367,0.6226302,0.523867,0.8243895,
-0.1323367,0.6226302,0.523867,0.8243895,
-0.1323367,0.6226302,0.523867,0.8243895,
-0.1323367,0.6226302,0.523867,0.8243895,
-0.1323367,0.6226302,0.523867,0.8243895,
-0.1323367,0.6226302,0.523867,0.8243895,
-0.1323367,0.6226302,0.523867,0.8243895,
0,0,0,0,
0,0,0,0,
0,0,0,0,
0,0,0,0,
0,0,0,0,
0,0,0,0,
0,0,0,0,
0,0,0,0,
0,0,0,0,
0,0,0,0,
0,0,0,0,
0,0,0,0,
0,0,0,0,
0,0,0,0,
0,0,0,0,
0,0,0,0,
0,0,0,0,
0.285371,0.3459721,0.290787,0.5345001,
0.285371,0.3459721,0.290787,0.5345001,
0.285371,0.3459721,0.290787,0.5345001,
0.285371,0.3459721,0.290787,0.5345001,
0.285371,0.3459721,0.290787,0.5345001,
0.285371,0.3459721,0.290787,0.5345001,
0.285371,0.3459721,0.290787,0.5345001,
0.285371,0.3459721,0.290787,0.5345001,
0.285371,0.3459721,0.290787,0.5345001,
0.421943,0.8319412,0.4439243,1.033069,
0.421943,0.8319412,0.4439243,1.033069,
0.421943,0.8319412,0.4439243,1.033069,
0.421943,0.8319412,0.4439243,1.033069,
0.421943,0.8319412,0.4439243,1.033069,
0.421943,0.8319412,0.4439243,1.033069,
0.421943,0.8319412,0.4439243,1.033069,
0.421943,0.8319412,0.4439243,1.033069,
0.421943,0.8319412,0.4439243,1.033069,
0.421943,0.8319412,0.4439243,1.033069,
0.421943,0.8319412,0.4439243,1.033069,
0,0,0,0,
0,0,0,0,
0,0,0,0,
0,0,0,0,
0,0,0,0,
0,0,0,0,
0,0,0,0,
0,0,0,0,
0,0,0,0,
0,0,0,0,
0,0,0,0,
0,0,0,0,
0,0,0,0,
0,0,0,0,
0,0,0,0,
0,0,0,0,
0,0,0,0,
0.3091279,0.5028197,0.5283499,0.792175,
0.3091279,0.5028197,0.5283499,0.792175,
0.3091279,0.5028197,0.5283499,0.792175,
0.3091279,0.5028197,0.5283499,0.792175,
0.3091279,0.5028197,0.5283499,0.792175,
0.3091279,0.5028197,0.5283499,0.792175,
0.3091279,0.5028197,0.5283499,0.792175,
0.3091279,0.5028197,0.5283499,0.792175,
0.2872856,0.5246007,0.5768392,0.8309527,
0.2872856,0.5246007,0.5768392,0.8309527,
0.2872856,0.5246007,0.5768392,0.8309527,
0.2872856,0.5246007,0.5768392,0.8309527,
0.2872856,0.5246007,0.5768392,0.8309527,
0.2872856,0.5246007,0.5768392,0.8309527,
0.2872856,0.5246007,0.5768392,0.8309527,
0.2872856,0.5246007,0.5768392,0.8309527,
0.2872856,0.5246007,0.5768392,0.8309527,
0.2872856,0.5246007,0.5768392,0.8309527,
0.2872856,0.5246007,0.5768392,0.8309527,
0.2872856,0.5246007,0.5768392,0.8309527,
0.2872856,0.5246007,0.5768392,0.8309527,
0,0,0,0,
0,0,0,0,
0,0,0,0,
0,0,0,0,
0,0,0,0,
0,0,0,0,
0,0,0,0,
0,0,0,0,
0,0,0,0,
0,0,0,0,
0,0,0,0,
0,0,0,0,
0,0,0,0,
0,0,0,0,
0,0,0,0,
0,0,0,0,
0,0,0,0,
0,0,0,0,
-0.1226265,0.529179,0.5480662,0.7716504,
-0.1226265,0.529179,0.5480662,0.7716504,
-0.1226265,0.529179,0.5480662,0.7716504,
-0.1226265,0.529179,0.5480662,0.7716504,
-0.1226265,0.529179,0.5480662,0.7716504,
-0.1226265,0.529179,0.5480662,0.7716504,
-0.1226265,0.529179,0.5480662,0.7716504,
-0.1226265,0.529179,0.5480662,0.7716504,
-0.1226265,0.529179,0.5480662,0.7716504,
-0.1110812,0.4333522,0.4177048,0.6120542,
-0.1110812,0.4333522,0.4177048,0.6120542,
-0.1110812,0.4333522,0.4177048,0.6120542,
-0.1110812,0.4333522,0.4177048,0.6120542,
-0.1110812,0.4333522,0.4177048,0.6120542,
-0.1110812,0.4333522,0.4177048,0.6120542,
-0.1110812,0.4333522,0.4177048,0.6120542,
-0.1110812,0.4333522,0.4177048,0.6120542,
-0.1110812,0.4333522,0.4177048,0.6120542,
-0.1110812,0.4333522,0.4177048,0.6120542,
-0.1110812,0.4333522,0.4177048,0.6120542,
-0.1110812,0.4333522,0.4177048,0.6120542,
0,0,0,0,
0,0,0,0,
0,0,0,0,
0,0,0,0,
0,0,0,0,
0,0,0,0,
0,0,0,0,
0,0,0,0,
0,0,0,0,
0,0,0,0,
0,0,0,0,
0,0,0,0,
0,0,0,0,
0,0,0,0,
0,0,0,0,
0,0,0,0,
0,0,0,0,
0,0,0,0,
0.2155106,0.2779635,0.2570127,0.4356191,
0.2155106,0.2779635,0.2570127,0.4356191,
0.2155106,0.2779635,0.2570127,0.4356191,
0.2155106,0.2779635,0.2570127,0.4356191,
0.2155106,0.2779635,0.2570127,0.4356191,
0.2155106,0.2779635,0.2570127,0.4356191,
0.2155106,0.2779635,0.2570127,0.4356191,
0.3352404,0.5705625,0.3795808,0.7628953,
0.3352404,0.5705625,0.3795808,0.7628953,
0.3352404,0.5705625,0.3795808,0.7628953,
0.3352404,0.5705625,0.3795808,0.7628953,
0.3352404,0.5705625,0.3795808,0.7628953,
0.3352404,0.5705625,0.3795808,0.7628953,
0.3352404,0.5705625,0.3795808,0.7628953,
0.3352404,0.5705625,0.3795808,0.7628953,
0.3352404,0.5705625,0.3795808,0.7628953,
0.3352404,0.5705625,0.3795808,0.7628953,
0.3352404,0.5705625,0.3795808,0.7628953,
0.3352404,0.5705625,0.3795808,0.7628953,
0,0,0,0,
0,0,0,0,
0,0,0,0,
0,0,0,0,
0,0,0,0,
0,0,0,0,
0,0,0,0,
0,0,0,0,
0,0,0,0,
0,0,0,0,
0,0,0,0,
0,0,0,0,
0,0,0,0,
0,0,0,0,
0,0,0,0,
0,0,0,0,
0,0,0,0,
0.2057611,0.4309877,0.4745418,0.6732593,
0.2057611,0.4309877,0.4745418,0.6732593,
0.2057611,0.4309877,0.4745418,0.6732593,
0.2057611,0.4309877,0.4745418,0.6732593,
0.2057611,0.4309877,0.4745418,0.6732593,
0.2057611,0.4309877,0.4745418,0.6732593,
0.2057611,0.4309877,0.4745418,0.6732593,
0.2057611,0.4309877,0.4745418,0.6732593,
0.2064756,0.4460929,0.5015489,0.7022695,
0.2064756,0.4460929,0.5015489,0.7022695,
0.2064756,0.4460929,0.5015489,0.7022695,
0.2064756,0.4460929,0.5015489,0.7022695,
0.2064756,0.4460929,0.5015489,0.7022695,
0.2064756,0.4460929,0.5015489,0.7022695,
0.2064756,0.4460929,0.5015489,0.7022695,
0.2064756,0.4460929,0.5015489,0.7022695,
0.2064756,0.4460929,0.5015489,0.7022695,
0,0,0,0,
0,0,0,0,
0,0,0,0,
0,0,0,0,
0,0,0,0,
0,0,0,0,
0,0,0,0,
0,0,0,0,
0,0,0,0,
0,0,0,0,
0,0,0,0,
0,0,0,0,
0,0,0,0,
0,0,0,0,
0,0,0,0,
0,0,0,0,
0,0,0,0,
-0.1047745,0.5173324,0.5663554,0.7741892,
-0.1047745,0.5173324,0.5663554,0.7741892,
-0.1047745,0.5173324,0.5663554,0.7741892,
-0.1047745,0.5173324,0.5663554,0.7741892,
-0.1047745,0.5173324,0.5663554,0.7741892,
-0.1047745,0.5173324,0.5663554,0.7741892,
-0.1047745,0.5173324,0.5663554,0.7741892,
-0.1047745,0.5173324,0.5663554,0.7741892,
-0.1047745,0.5173324,0.5663554,0.7741892,
-0.04837913,0.468835,0.4920928,0.6813972,
-0.04837913,0.468835,0.4920928,0.6813972,
-0.04837913,0.468835,0.4920928,0.6813972,
-0.04837913,0.468835,0.4920928,0.6813972,
-0.04837913,0.468835,0.4920928,0.6813972,
-0.04837913,0.468835,0.4920928,0.6813972,
-0.04837913,0.468835,0.4920928,0.6813972,
-0.04837913,0.468835,0.4920928,0.6813972,
-0.04837913,0.468835,0.4920928,0.6813972,
-0.04837913,0.468835,0.4920928,0.6813972,
-0.04837913,0.468835,0.4920928,0.6813972,
-0.04837913,0.468835,0.4920928,0.6813972,
0,0,0,0,
0,0,0,0,
0,0,0,0,
0,0,0,0,
0,0,0,0,
0,0,0,0,
0,0,0,0,
0,0,0,0,
0,0,0,0,
0,0,0,0,
0,0,0,0,
0,0,0,0,
0,0,0,0,
0,0,0,0,
0,0,0,0,
0,0,0,0,
0,0,0,0,
0,0,0,0,
0.4587338,0.2784291,0.3241867,0.6269421,
0.4587338,0.2784291,0.3241867,0.6269421,
0.4587338,0.2784291,0.3241867,0.6269421,
0.4587338,0.2784291,0.3241867,0.6269421,
0.4587338,0.2784291,0.3241867,0.6269421,
0.4587338,0.2784291,0.3241867,0.6269421,
0.4587338,0.2784291,0.3241867,0.6269421,
0.4587338,0.2784291,0.3241867,0.6269421,
0.5391474,0.3262497,0.4463775,0.7722511,
0.5391474,0.3262497,0.4463775,0.7722511,
0.5391474,0.3262497,0.4463775,0.7722511,
0.5391474,0.3262497,0.4463775,0.7722511,
0.5391474,0.3262497,0.4463775,0.7722511,
0.5391474,0.3262497,0.4463775,0.7722511,
0.5391474,0.3262497,0.4463775,0.7722511,
0.5391474,0.3262497,0.4463775,0.7722511,
0,0,0,0,
0,0,0,0,
0,0,0,0,
0,0,0,0,
0,0,0,0,
0,0,0,0,
0,0,0,0,
0,0,0,0,
0,0,0,0,
0,0,0,0,
0,0,0,0,
0,0,0,0,
0,0,0,0,
0,0,0,0,
0,0,0,0,
0,0,0,0,
0,0,0,0,
0,0,0,0,
0,0,0,0,
0,0,0,0,
0,0,0,0,
0,0,0,0,
0.707647,0.5913963,0.6988613,1.157117,
0.707647,0.5913963,0.6988613,1.157117,
0.707647,0.5913963,0.6988613,1.157117,
0.707647,0.5913963,0.6988613,1.157117,
0.707647,0.5913963,0.6988613,1.157117,
0.707647,0.5913963,0.6988613,1.157117,
0.707647,0.5913963,0.6988613,1.157117,
0.707647,0.5913963,0.6988613,1.157117,
0.6254746,0.5381879,0.6553653,1.05374,
0.6254746,0.5381879,0.6553653,1.05374,
0.6254746,0.5381879,0.6553653,1.05374,
0.6254746,0.5381879,0.6553653,1.05374,
0.6254746,0.5381879,0.6553653,1.05374,
0.6254746,0.5381879,0.6553653,1.05374,
0.6254746,0.5381879,0.6553653,1.05374,
0.6254746,0.5381879,0.6553653,1.05374,
0,0,0,0,
0,0,0,0,
0,0,0,0,
0,0,0,0,
0,0,0,0,
0,0,0,0,
0,0,0,0,
0,0,0,0,
0,0,0,0,
0,0,0,0,
0,0,0,0,
0,0,0,0,
0,0,0,0,
0,0,0,0,
0,0,0,0,
0,0,0,0,
0,0,0,0,
0,0,0,0,
0,0,0,0,
0,0,0,0,
0,0,0,0,
0,0,0,0,
0.347571,0.34496,0.4654632,0.6756175,
0.347571,0.34496,0.4654632,0.6756175,
0.347571,0.34496,0.4654632,0.6756175,
0.347571,0.34496,0.4654632,0.6756175,
0.347571,0.34496,0.4654632,0.6756175,
0.347571,0.34496,0.4654632,0.6756175,
0.347571,0.34496,0.4654632,0.6756175,
0.347571,0.34496,0.4654632,0.6756175,
0.358495,0.290009,0.4427948,0.6392896,
0.358495,0.290009,0.4427948,0.6392896,
0.358495,0.290009,0.4427948,0.6392896,
0.358495,0.290009,0.4427948,0.6392896,
0.358495,0.290009,0.4427948,0.6392896,
0.358495,0.290009,0.4427948,0.6392896,
0.358495,0.290009,0.4427948,0.6392896,
0.358495,0.290009,0.4427948,0.6392896,
0.358495,0.290009,0.4427948,0.6392896,
0.3707838,0.1973611,0.4174675,0.5922087,
0.3707838,0.1973611,0.4174675,0.5922087,
0.3707838,0.1973611,0.4174675,0.5922087,
0.3707838,0.1973611,0.4174675,0.5922087,
0.3707838,0.1973611,0.4174675,0.5922087,
0.3820448,0.1590103,0.4316977,0.5980012,
0.3820448,0.1590103,0.4316977,0.5980012,
0.3820448,0.1590103,0.4316977,0.5980012,
0.3820448,0.1590103,0.4316977,0.5980012,
0.3820448,0.1590103,0.4316977,0.5980012,
0.3820448,0.1590103,0.4316977,0.5980012,
0.3820448,0.1590103,0.4316977,0.5980012,
0.3820448,0.1590103,0.4316977,0.5980012,
0.3820448,0.1590103,0.4316977,0.5980012,
0.3820448,0.1590103,0.4316977,0.5980012,
0.3820448,0.1590103,0.4316977,0.5980012,
0.3820448,0.1590103,0.4316977,0.5980012,
0,0,0,0,
0,0,0,0,
0,0,0,0,
0,0,0,0,
0,0,0,0,
0,0,0,0,
0,0,0,0,
0,0,0,0,
0,0,0,0,
0,0,0,0,
0,0,0,0,
0,0,0,0,
0,0,0,0,
0,0,0,0,
0,0,0,0,
0,0,0,0,
0,0,0,0,
0,0,0,0,
0,0,0,0,
0,0,0,0,
0,0,0,0,
0,0,0,0,
0,0,0,0,
0,0,0,0,
0,0,0,0,
0,0,0,0,
0,0,0,0,
0,0,0,0,
0,0,0,0,
0,0,0,0,
0,0,0,0,
0,0,0,0,
0,0,0,0,
0,0,0,0,
0,0,0,0,
0,0,0,0,
0,0,0,0,
0,0,0,0,
0,0,0,0,
0,0,0,0,
0,0,0,0,
0,0,0,0,
0,0,0,0,
0.370197,0.05386963,0.03545661,0.3757724,
0.370197,0.05386963,0.03545661,0.3757724,
0.370197,0.05386963,0.03545661,0.3757724,
0.370197,0.05386963,0.03545661,0.3757724,
0.370197,0.05386963,0.03545661,0.3757724,
0.370197,0.05386963,0.03545661,0.3757724,
0.370197,0.05386963,0.03545661,0.3757724,
0.370197,0.05386963,0.03545661,0.3757724,
0.370197,0.05386963,0.03545661,0.3757724,
0.370197,0.05386963,0.03545661,0.3757724,
0.4060412,0.03160252,0.03806124,0.4090438,
0.4060412,0.03160252,0.03806124,0.4090438,
0.4060412,0.03160252,0.03806124,0.4090438,
0.4060412,0.03160252,0.03806124,0.4090438,
0.4060412,0.03160252,0.03806124,0.4090438,
0.4060412,0.03160252,0.03806124,0.4090438,
0.4060412,0.03160252,0.03806124,0.4090438,
0.4060412,0.03160252,0.03806124,0.4090438,
0.4060412,0.03160252,0.03806124,0.4090438,
0.4306712,0.03050287,0.1034751,0.4439766,
0.4306712,0.03050287,0.1034751,0.4439766,
0.4306712,0.03050287,0.1034751,0.4439766,
0.4306712,0.03050287,0.1034751,0.4439766,
0.4306712,0.03050287,0.1034751,0.4439766,
0.4306712,0.03050287,0.1034751,0.4439766,
0.4306712,0.03050287,0.1034751,0.4439766,
0.4306712,0.03050287,0.1034751,0.4439766,
0.4328857,0.007310857,0.07994716,0.440267,
0.4328857,0.007310857,0.07994716,0.440267,
0.4328857,0.007310857,0.07994716,0.440267,
0.4328857,0.007310857,0.07994716,0.440267,
0.4328857,0.007310857,0.07994716,0.440267,
0.4328857,0.007310857,0.07994716,0.440267,
0.4328857,0.007310857,0.07994716,0.440267,
0.4328857,0.007310857,0.07994716,0.440267,
0.4328857,0.007310857,0.07994716,0.440267,
0.4328857,0.007310857,0.07994716,0.440267,
0.4328857,0.007310857,0.07994716,0.440267,
0.4328857,0.007310857,0.07994716,0.440267,
0,0,0,0,
0,0,0,0,
0,0,0,0,
0,0,0,0,
0,0,0,0,
0,0,0,0,
0,0,0,0,
0,0,0,0,
0,0,0,0,
0,0,0,0,
0,0,0,0,
0,0,0,0,
0,0,0,0,
0,0,0,0,
0,0,0,0,
0,0,0,0,
0.335137,-0.2130869,0.06601524,0.4025927,
0.335137,-0.2130869,0.06601524,0.4025927,
0.335137,-0.2130869,0.06601524,0.4025927,
0.335137,-0.2130869,0.06601524,0.4025927,
0.335137,-0.2130869,0.06601524,0.4025927,
0.335137,-0.2130869,0.06601524,0.4025927,
0.335137,-0.2130869,0.06601524,0.4025927,
0.3126727,-0.2148949,0.06894243,0.3856126,
0.3126727,-0.2148949,0.06894243,0.3856126,
0.3126727,-0.2148949,0.06894243,0.3856126,
0.3126727,-0.2148949,0.06894243,0.3856126,
0.3126727,-0.2148949,0.06894243,0.3856126,
0.3126727,-0.2148949,0.06894243,0.3856126,
0.3126727,-0.2148949,0.06894243,0.3856126,
0.3126727,-0.2148949,0.06894243,0.3856126,
0,0,0,0,
0,0,0,0,
0,0,0,0,
0,0,0,0,
0,0,0,0,
0,0,0,0,
0,0,0,0,
0,0,0,0,
0,0,0,0,
0,0,0,0,
0,0,0,0,
0,0,0,0,
0,0,0,0,
0,0,0,0,
0,0,0,0,
0,0,0,0,
0,0,0,0,
0,0,0,0,
0,0,0,0,
0,0,0,0,
0,0,0,0,
0,0,0,0,
0,0,0,0,
0,0,0,0,
0,0,0,0,
0,0,0,0,
0,0,0,0,
0,0,0,0,
0,0,0,0,
0,0,0,0,
0,0,0,0,
0,0,0,0,
0,0,0,0,
0,0,0,0,
0,0,0,0,
0,0,0,0,
0,0,0,0,
0,0,0,0,
0,0,0,0,
0,0,0,0,
0,0,0,0,
0,0,0,0,
0,0,0,0,
0,0,0,0,
0,0,0,0,
0,0,0,0,
0,0,0,0,
0,0,0,0,
0,0,0,0,
0,0,0,0,
0,0,0,0,
0,0,0,0,
0,0,0,0,
0,0,0,0,
0,0,0,0,
0,0,0,0,
0,0,0,0,
0,0,0,0,
0,0,0,0,
0,0,0,0,
0,0,0,0,
0,0,0,0,
0,0,0,0,
0,0,0,0,
0,0,0,0,
0,0,0,0,
0,0,0,0,
0,0,0,0,
0,0,0,0,
0,0,0,0,
0,0,0,0,
0,0,0,0,
0,0,0,0,
0,0,0,0,
0,0,0,0,
0,0,0,0,
0,0,0,0,
0,0,0,0,
0,0,0,0,
0,0,0,0,
0,0,0,0,
0,0,0,0,
0,0,0,0,
0,0,0,0,
0,0,0,0,
0,0,0,0,
0,0,0,0,
0,0,0,0,
0,0,0,0,
0,0,0,0,
0,0,0,0,
0,0,0,0,
0,0,0,0,
0,0,0,0,
0,0,0,0,
0,0,0,0,
0,0,0,0,
0,0,0,0,
0,0,0,0,
0,0,0,0,
0,0,0,0,
0,0,0,0,
0,0,0,0,
0,0,0,0,
0,0,0,0,
0,0,0,0,
0,0,0,0,
0,0,0,0,
0,0,0,0,
0,0,0,0,
0,0,0,0,
0,0,0,0,
0,0,0,0,
0,0,0,0,
0,0,0,0,
0,0,0,0,
0,0,0,0,
0,0,0,0,
0,0,0,0,
0,0,0,0,
0,0,0,0,
0,0,0,0,
0,0,0,0,
0,0,0,0,
0,0,0,0,
0,0,0,0,
0,0,0,0,
0,0,0,0,
0,0,0,0,
0,0,0,0,
0,0,0,0,
0,0,0,0,
0,0,0,0,
0,0,0,0,
-0.005081092,-0.02410145,0.1038738,0.1067542,
-0.005081092,-0.02410145,0.1038738,0.1067542,
-0.005081092,-0.02410145,0.1038738,0.1067542,
-0.005081092,-0.02410145,0.1038738,0.1067542,
-0.005081092,-0.02410145,0.1038738,0.1067542,
-0.005081092,-0.02410145,0.1038738,0.1067542,
-0.005081092,-0.02410145,0.1038738,0.1067542,
-0.005081092,-0.02410145,0.1038738,0.1067542,
-0.005081092,-0.02410145,0.1038738,0.1067542,
-0.01029195,-0.01908412,0.09577276,0.09819648,
-0.01029195,-0.01908412,0.09577276,0.09819648,
-0.01029195,-0.01908412,0.09577276,0.09819648,
-0.01029195,-0.01908412,0.09577276,0.09819648,
-0.01029195,-0.01908412,0.09577276,0.09819648,
-0.01029195,-0.01908412,0.09577276,0.09819648,
-0.01029195,-0.01908412,0.09577276,0.09819648,
-0.01029195,-0.01908412,0.09577276,0.09819648,
-0.01029195,-0.01908412,0.09577276,0.09819648,
-0.01029195,-0.01908412,0.09577276,0.09819648,
-0.01102663,-0.01330547,0.08265973,0.08444675,
-0.01102663,-0.01330547,0.08265973,0.08444675,
-0.01102663,-0.01330547,0.08265973,0.08444675,
-0.01102663,-0.01330547,0.08265973,0.08444675,
-0.01102663,-0.01330547,0.08265973,0.08444675,
-0.01102663,-0.01330547,0.08265973,0.08444675,
-0.01102663,-0.01330547,0.08265973,0.08444675,
-0.01102663,-0.01330547,0.08265973,0.08444675,
-0.01102663,-0.01330547,0.08265973,0.08444675,
-0.01102663,-0.01330547,0.08265973,0.08444675,
-0.00875598,-0.009619349,0.0653206,0.06660315,
-0.00875598,-0.009619349,0.0653206,0.06660315,
-0.00875598,-0.009619349,0.0653206,0.06660315,
-0.00875598,-0.009619349,0.0653206,0.06660315,
-0.00875598,-0.009619349,0.0653206,0.06660315,
-0.00875598,-0.009619349,0.0653206,0.06660315,
-0.00875598,-0.009619349,0.0653206,0.06660315,
-0.00875598,-0.009619349,0.0653206,0.06660315,
-0.00875598,-0.009619349,0.0653206,0.06660315,
-0.00875598,-0.009619349,0.0653206,0.06660315,
-0.006231987,-0.007421356,0.05044289,0.05136535,
-0.006231987,-0.007421356,0.05044289,0.05136535,
-0.006231987,-0.007421356,0.05044289,0.05136535,
-0.006231987,-0.007421356,0.05044289,0.05136535,
-0.006231987,-0.007421356,0.05044289,0.05136535,
-0.006231987,-0.007421356,0.05044289,0.05136535,
-0.006231987,-0.007421356,0.05044289,0.05136535,
-0.006231987,-0.007421356,0.05044289,0.05136535,
-0.006231987,-0.007421356,0.05044289,0.05136535,
-0.006231987,-0.007421356,0.05044289,0.05136535,
-0.006231987,-0.007421356,0.05044289,0.05136535,
-0.002488272,-0.004800442,0.03037094,0.0308485,
-0.002488272,-0.004800442,0.03037094,0.0308485,
-0.002488272,-0.004800442,0.03037094,0.0308485,
-0.002488272,-0.004800442,0.03037094,0.0308485,
-0.002488272,-0.004800442,0.03037094,0.0308485,
-0.002488272,-0.004800442,0.03037094,0.0308485,
-0.002488272,-0.004800442,0.03037094,0.0308485,
-0.002488272,-0.004800442,0.03037094,0.0308485,
-0.002488272,-0.004800442,0.03037094,0.0308485,
-0.002488272,-0.004800442,0.03037094,0.0308485,
-0.002488272,-0.004800442,0.03037094,0.0308485,
-5.180088E-05,-0.00128987,0.008231478,0.008332087,
-5.180088E-05,-0.00128987,0.008231478,0.008332087,
-5.180088E-05,-0.00128987,0.008231478,0.008332087,
-5.180088E-05,-0.00128987,0.008231478,0.008332087,
-5.180088E-05,-0.00128987,0.008231478,0.008332087,
-5.180088E-05,-0.00128987,0.008231478,0.008332087,
-5.180088E-05,-0.00128987,0.008231478,0.008332087,
-5.180088E-05,-0.00128987,0.008231478,0.008332087,
-5.180088E-05,-0.00128987,0.008231478,0.008332087,
-5.180088E-05,-0.00128987,0.008231478,0.008332087,
-5.180088E-05,-0.00128987,0.008231478,0.008332087,
-5.180088E-05,-0.00128987,0.008231478,0.008332087,
0,0,0,0,
0,0,0,0,
0,0,0,0,
0,0,0,0,
0,0,0,0,
0,0,0,0,
0,0,0,0,
0,0,0,0,
0,0,0,0,
0,0,0,0,
0,0,0,0,
0,0,0,0,
0,0,0,0,
0,0,0,0,
0,0,0,0,
0,0,0,0,
0,0,0,0,
0,0,0,0,
0,0,0,0,
0,0,0,0,
0,0,0,0,
0,0,0,0,
0,0,0,0,
0,0,0,0,
0,0,0,0,
0,0,0,0,
0,0,0,0,
0,0,0,0,
0,0,0,0,
0,0,0,0,
0,0,0,0,
0,0,0,0,
0,0,0,0,
0,0,0,0,
0,0,0,0,
0,0,0,0,
0,0,0,0,
0,0,0,0,
0,0,0,0,
0,0,0,0,
0,0,0,0,
0,0,0,0,
0,0,0,0,
0,0,0,0,
0,0,0,0,
0,0,0,0,
0,0,0,0,
0,0,0,0,
0,0,0,0,
0,0,0,0,
0,0,0,0,
0,0,0,0,
0,0,0,0,
0,0,0,0,
0,0,0,0,
0,0,0,0,
0,0,0,0,
0,0,0,0,
0,0,0,0,
0,0,0,0,
0,0,0,0,
0,0,0,0,
0,0,0,0,
0,0,0,0,
0,0,0,0,
0,0,0,0,
0,0,0,0,
